Core Consumer Price Index (PCPIX),,,,
"M/M Growth (Annual Rate, Percentage Points)",,,,
"First-Release, Second-Release, Third-Release, and the Most-Recent-Release Values",,,,
,,,,
Date,First,Second,Third,Most_Recent
1998:10,2.0827,,,1.3865
1998:11,2.079,,,2.7873
1998:12,3.4809,,,4.1977
1999:01,0.6855,,,1.3769
1999:02,0.6851,,,0
1999:03,1.3738,,,0.6855
1999:04,4.8785,,,4.1757
1999:05,1.3667,,,1.3698
1999:06,0.6805,,,0.682
1999:07,2.053,,,3.4509
1999:08,1.3621,,,1.3636
1999:09,4.1326,,,3.4371
1999:10,2.0402,,,2.0436
1999:11,2.724,,,2.0402
1999:12,1.3506,,,2.0367
2000:01,2.031,,,4.1043
2000:02,2.0275,,,0.6713
2000:03,5.4813,,,4.088
2000:04,2.015,,,2.0184
2000:05,2.0117,,,2.695
2000:06,2.0083,,,2.6889
2000:07,2.6814,,,2.6829
2000:08,2.6754,,,2.6769
2000:09,3.3451,,,2.671
2000:10,1.9894,,,1.9927
2000:11,3.3303,,,3.3358
2000:12,0.6563,,,1.3187
2001:01,3.995,,,3.9995
2001:02,3.9818,,,3.3119
2001:03,2.63,,,1.9698
2001:04,2.6242,,,2.63
2001:05,1.3015,,,1.3043
2001:06,3.9469,,,4.6286
2001:07,1.9496,,,2.6114
2001:08,2.6029,,,1.9485
2001:09,2.5973,,,2.6015
2001:10,1.938,,,1.9412
2001:11,4.5682,,,4.5756
2001:12,1.2813,,,1.9308
2002:01,1.9287,,,1.9277
2002:02,3.2281,,,2.5736
2002:03,1.2766,,,0.6364
2002:04,3.216,,,3.2177
2002:05,1.9133,,,1.9143
2002:06,0.6331,,,1.2705
2002:07,1.9093,,,1.9093
2002:08,3.8457,,,3.8457
2002:09,1.2631,,,1.2631
2002:10,1.8982,,,1.2618
2002:11,1.8952,,,2.5355
2002:12,0.6271,,,1.2578
2003:01,1.2565,,,1.8902
2003:02,1.2552,,,0.6255
2003:03,0,,,0
2003:04,0,,,0
2003:05,3.1618,,,2.5222
2003:06,0,,,0.6239
2003:07,2.5156,,,2.5156
2003:08,1.248,,,1.248
2003:09,0.6216,,,0.6216
2003:10,2.5064,,,1.8745
2003:11,-0.6165,,,0
2003:12,1.2442,,,1.2442
2004:01,1.8706,,,2.4999
2004:02,2.4973,,,1.8657
2004:03,4.3984,,,3.7574
2004:04,3.1126,,,2.4831
2004:05,2.4767,,,1.8532
2004:06,1.2289,,,2.4741
2004:07,1.2276,,,1.2276
2004:08,0.6115,,,0.6115
2004:09,3.7186,,,3.7186
2004:10,2.4576,,,2.4576
2004:11,1.8343,,,2.4526
2004:12,1.8315,,,1.8306
2005:01,2.4451,,,2.4439
2005:02,3.0587,,,2.4389
2005:03,4.2949,,,4.2949
2005:04,0.6014,,,0.6014
2005:05,1.8131,,,1.8131
2005:06,1.2036,,,0.6001
2005:07,1.8085,,,1.8095
2005:08,1.2006,,,1.2012
2005:09,1.1994,,,1.2
2005:10,3.0202,,,4.2536
2005:11,3.0126,,,3.0111
2005:12,2.3975,,,1.7923
2006:01,2.3927,,,2.3927
2006:02,1.7861,,,2.3879
2006:03,4.2068,,,4.2047
2006:04,3.5835,,,2.9767
2006:05,3.5728,,,3.5728
2006:06,3.5622,,,2.9606
2006:07,2.3551,,,2.3563
2006:08,2.946,,,2.9475
2006:09,2.9388,,,2.3459
2006:10,1.1633,,,2.3414
2006:11,0.5796,,,1.1622
2006:12,2.3357,,,1.7463
2007:01,3.1113,,,2.9216
2007:02,2.9318,,,3.1214
2007:03,0.7369,,,1.636
2007:04,2.1483,,,1.9016
2007:05,1.8123,,,1.7939
2007:06,2.8252,,,1.9248
2007:07,2.8712,,,2.1949
2007:08,1.8184,,,1.9878
2007:09,2.6678,,,2.5008
2007:10,1.9212,,,3.0073
2007:11,3.3496,,,3.3491
2007:12,2.9454,,,2.9045
2008:01,3.7921,,,3.4478
2008:02,0.4838,,,0.9472
2008:03,1.839,,,2.7316
2008:04,1.251,,,0.7863
2008:05,2.4564,,,2.1233
2008:06,3.9461,,,2.7588
2008:07,3.9909,,,3.0556
2008:08,2.3559,,,2.4043
2008:09,1.7081,,,1.7891
2008:10,-0.854,,,0.4161
2008:11,0.266,,,0.8837
2008:12,-0.1825,,,-0.1216
2009:01,2.1398,,,2.3539
2009:02,2.26,,,2.4904
2009:03,2.0702,,,2.5698
2009:04,3.0806,,,2.5193
2009:05,1.7486,,,1.0918
2009:06,2.4052,,,1.1462
2009:07,1.0941,,,0.8301
2009:08,0.8175,,,1.2827
2009:09,1.9898,,,2.3428
2009:10,2.2032,,,3.2167
2009:11,0.4036,,,0.9017
2009:12,1.3524,,,1.1755
2010:01,-1.6239,,,-1.339
2010:02,0.6332,,,0.5343
2010:03,0.4634,,,0.2831
2010:04,0.567,,,0.2122
2010:05,1.472,,,0.7635
2010:06,1.9223,,,1.2672
2010:07,1.5723,,,0.9207
2010:08,0.559,,,0.7943
2010:09,0.0108,,,1.0998
2010:10,-0.0865,,,0.646
2010:11,1.1806,,,1.7394
2010:12,1.1138,,,1.053
2011:01,2.055,,,2.5111
2011:02,2.4091,,,2.2307
2011:03,1.6371,,,1.3033
2011:04,2.2473,,,1.476
2011:05,3.4981,,,2.4296
2011:06,3.0968,,,2.8303
2011:07,2.7273,,,2.8182
2011:08,2.9724,,,3.4858
2011:09,0.655,,,1.3686
2011:10,1.6413,,,2.0786
2011:11,2.0972,,,2.102
2011:12,1.7598,,,2.7091
2012:01,2.6515,,,2.5193
2012:02,1.1817,,,0.8299
2012:03,2.7996,,,2.3617
2012:04,2.9386,,,2.2659
2012:05,2.4482,,,1.6852
2012:06,2.486,,,2.1089
2012:07,1.091,,,1.8286
2012:08,0.6275,,,1.381
2012:09,1.7653,,,2.2431
2012:10,2.176,,,1.9155
2012:11,1.3591,,,1.6011
2012:12,1.1528,,,2.0684
2013:01,3.0586,,,2.6414
2013:02,2.1088,,,1.7711
2013:03,1.277,,,1.1671
2013:04,0.6256,,,0.1961
2013:05,2.0177,,,0.8485
2013:06,1.9515,,,1.8385
2013:07,1.8699,,,2.7598
2013:08,1.5389,,,2.3649
2013:09,1.4798,,,1.88
2013:10,1.4832,,,1.1358
2013:11,1.8704,,,2.2604
2013:12,1.3137,,,2.0586
2014:01,1.5443,,,1.033
2014:02,1.4289,,,1.1451
2014:03,2.4773,,,2.2586
2014:04,2.8722,,,2.2906
2014:05,3.1461,,,2.3379
2014:06,1.5604,,,1.5672
2014:07,1.1553,,,1.8213
2014:08,0.1713,,,1.0631
2014:09,1.6844,,,1.9347
2014:10,2.4659,,,2.0544
2014:11,0.8563,,,1.3478
2014:12,0.0351,,,0.6333
2015:01,2.156,,,1.1429
2015:02,1.8973,,,1.8215
2015:03,2.7615,,,2.9521
2015:04,3.1134,,,2.9858
2015:05,1.7588,,,1.7138
2015:06,2.1705,,,1.8829
2015:07,1.5971,,,2.5121
2015:08,0.8943,,,1.2538
2015:09,2.5662,,,2.4941
2015:10,2.4548,,,2.2521
2015:11,2.1732,,,2.3535
2015:12,1.5394,,,1.5138
2016:01,3.571,,,2.0205
2016:02,3.4443,,,2.753
2016:03,0.8327,,,1.9877
2016:04,2.3609,,,3.1581
2016:05,2.4607,,,2.8897
2016:06,2.064,,,1.9745
2016:07,1.0621,,,1.41
2016:08,3.0701,,,2.9144
2016:09,1.3566,,,2.0428
2016:10,1.8006,,,1.4563
2016:11,1.8273,,,1.6451
2016:12,2.7926,,,2.1321
2017:01,3.7591,,,2.6583
2017:02,2.4972,,,2.5739
2017:03,-1.4515,,,-0.2579
2017:04,0.8592,,,1.3617
2017:05,0.7527,,,0.974
2017:06,1.4322,,,1.5186
2017:07,1.3773,,,1.1452
2017:08,3.0231,,,2.6509
2017:09,1.5312,,,1.3242
2017:10,2.7291,,,3.4422
2017:11,1.4106,,,1.3813
2017:12,3.3711,,,2.5251
2018:01,4.275,,,4.1338
2018:02,2.203,,,2.4102
2018:03,2.1272,,,2.6599
2018:04,1.1773,,,1.694
2018:05,2.0737,,,2.4349
2018:06,1.9607,,,1.1918
2018:07,2.9541,,,1.4076
2018:08,0.9861,,,0.8977
2018:09,1.4035,,,2.2423
2018:10,2.337,,,2.5799
2018:11,2.5409,,,2.4463
2018:12,2.5545,,,2.9247
2019:01,2.9127,,,3.2925
2019:02,1.3337,,,1.95
2019:03,1.7846,,,1.7646
2019:04,1.67,,,1.9907
2019:05,1.3702,,,1.0123
2019:06,3.5886,,,2.4152
2019:07,3.5543,,,2.4991
2019:08,3.1215,,,2.7553
2019:09,1.6011,,,2.3487
2019:10,1.9031,,,2.6738
2019:11,2.7927,,,2.6493
2019:12,1.3683,,,2.1539
2020:01,2.9461,,,3.1852
2020:02,2.708,,,2.9825
2020:03,-1.2287,,,-1.4091
2020:04,-5.2402,,,-5.7217
2020:05,-0.7205,,,-1.4978
2020:06,2.8577,,,1.9938
2020:07,7.7009,,,7.1771
2020:08,4.7252,,,4.7357
2020:09,2.3331,,,2.3085
2020:10,0.1427,,,1.6771
2020:11,2.6656,,,3.0495
2020:12,1.0275,,,1.6119
2021:01,0.3785,,,0.2044
2021:02,1.2245,,,1.8168
2021:03,4.1387,,,2.9916
2021:04,11.5713,,,10.1755
2021:05,9.2154,,,8.2085
2021:06,11.0657,,,9.9496
2021:07,4.0154,,,4.3951
2021:08,1.2281,,,1.5134
2021:09,2.9562,,,3.0571
2021:10,7.4328,,,8.7872
2021:11,6.6075,,,7.661
2021:12,6.8051,,,7.7756
2022:01,7.2283,,,6.8414
2022:02,6.2335,,,6.5318
2022:03,3.9592,,,3.3085
2022:04,7.0487,,,6.2236
2022:05,7.8458,,,6.5893
2022:06,8.8152,,,8.4765
2022:07,3.82,,,4.3192
2022:08,7.0237,,,6.0457
2022:09,7.1334,,,7.0618
2022:10,3.3077,,,4.8234
2022:11,2.4104,,,3.7752
2022:12,3.6922,,,4.356
2023:01,5.0575,,,5.0837
2023:02,5.56,,,6.0329
2023:03,4.7163,,,4.1161
2023:04,5.0223,,,5.5929
2023:05,5.354,,,4.4655
2023:06,1.9072,,,2.6449
2023:07,1.9319,,,2.5116
2023:08,3.3936,,,2.4348
2023:09,3.9448,,,3.7813
2023:10,2.7535,,,3.6056
2023:11,3.4686,,,3.6625
2023:12,3.7722,,,3.1286
2024:01,4.8116,,,4.3926
2024:02,4.3868,,,4.8581
2024:03,4.3946,,,4.771
2024:04,3.5579,,,3.295
2024:05,1.9747,,,1.698
2024:06,0.7798,,,1.1186
2024:07,2.0009,,,2.0927
2024:08,3.4245,,,3.0905
2024:09,3.8141,,,3.7483
2024:10,3.4155,,,3.8024
2024:11,3.7603,,,3.509
2024:12,2.7337,,,2.262
2025:01,5.4895,,,5.2409
2025:02,2.7539,,,3.1001
2025:03,0.6805,,,0.8327
2025:04,2.8783,,,2.9007
2025:05,1.5699,,,1.5771
2025:06,2.7735,,,2.8447
2025:07,3.9375,,,3.8154
2025:08,4.2314,,,3.7806
2025:09,2.7596,,,2.6448
2025:10,,,,
2025:11,,,,
2025:12,2.9088,,,2.8309
2026:01,3.5986,,,3.5986
2026:02,2.6236,,,2.6236
2026:03,2.375,,,2.375
2026:04,4.6122,,,4.6122
2026:05,2.5259,,,2.5259
2026:06,-0.1997,,,-0.1997
