survey_q,origin,horizon_quarters,endpoint,maturity_vintage,target_annualized_pct
1993Q3,1993Q2,4,1994Q2,1994Q3,2.4276304387771175
1993Q4,1993Q3,4,1994Q3,1994Q4,2.8538491552425604
1994Q1,1993Q4,2,1994Q2,1994Q3,2.435787121132227
1994Q1,1993Q4,4,1994Q4,1995Q1,2.627131471247163
1994Q2,1994Q1,1,1994Q2,1994Q3,2.754027670827708
1994Q2,1994Q1,2,1994Q3,1994Q4,3.160308304574888
1994Q2,1994Q1,4,1995Q1,1995Q2,2.8628880210640917
1994Q3,1994Q2,1,1994Q3,1994Q4,3.5665889383220684
1994Q3,1994Q2,2,1994Q4,1995Q1,2.9116894653408276
1994Q3,1994Q2,4,1995Q2,1995Q3,3.0705223697143573
1994Q4,1994Q3,1,1994Q4,1995Q1,2.255974463877175
1994Q4,1994Q3,2,1995Q1,1995Q2,2.6580299858812717
1994Q4,1994Q3,4,1995Q3,1995Q4,2.6861013059132297
1995Q1,1994Q4,1,1995Q1,1995Q2,3.0600855078853684
1995Q1,1994Q4,2,1995Q2,1995Q3,3.229355274087886
1995Q1,1994Q4,4,1995Q4,1996Q1,2.6490988078029414
1995Q2,1995Q1,1,1995Q2,1995Q3,3.398625040290404
1995Q2,1995Q1,2,1995Q3,1995Q4,2.714172625945188
1995Q2,1995Q1,4,1996Q1,1996Q2,2.7622136038255416
1995Q3,1995Q2,1,1995Q3,1995Q4,2.0297202115999724
1995Q3,1995Q2,2,1995Q4,1996Q1,2.0688423415179957
1995Q3,1995Q2,4,1996Q2,1996Q3,2.871491717803798
1995Q4,1995Q3,1,1995Q4,1996Q1,2.107964471436019
1995Q4,1995Q3,2,1996Q1,1996Q2,2.80965063167945
1995Q4,1995Q3,4,1996Q3,1996Q4,2.9437602457354437
1996Q1,1995Q4,1,1996Q1,1996Q2,3.244995467183842
1996Q1,1995Q4,2,1996Q2,1996Q3,3.5407464891543894
1996Q1,1995Q4,4,1996Q4,1997Q1,3.142668331123077
1996Q2,1996Q1,1,1996Q2,1996Q3,3.8364975111249366
1996Q2,1996Q1,2,1996Q3,1996Q4,3.077869859791438
1996Q2,1996Q1,4,1997Q1,1997Q2,2.9446337536206233
1996Q3,1996Q2,1,1996Q3,1996Q4,2.319242208457939
1996Q3,1996Q2,2,1996Q4,1997Q1,2.7445901730917655
1996Q3,1996Q2,4,1997Q2,1997Q3,2.3685010756736293
1996Q4,1996Q3,1,1996Q4,1997Q1,3.169938137725592
1996Q4,1996Q3,2,1997Q1,1997Q2,2.857840743272877
1996Q4,1996Q3,4,1997Q3,1997Q4,2.204708791031834
1997Q1,1996Q4,1,1997Q1,1997Q2,2.372275647482458
1997Q1,1996Q4,2,1997Q2,1997Q3,1.7310348176413748
1997Q1,1996Q4,4,1997Q4,1998Q1,1.8907059430613882
1997Q2,1997Q1,1,1997Q2,1997Q3,1.0897939878002916
1997Q2,1997Q1,2,1997Q3,1997Q4,1.5515768387907913
1997Q2,1997Q1,4,1998Q1,1998Q2,1.4636058718980216
1997Q3,1997Q2,1,1997Q3,1997Q4,2.013359689781291
1997Q3,1997Q2,2,1997Q4,1998Q1,2.0503770684814016
1997Q3,1997Q2,4,1998Q2,1998Q3,1.6254291725335102
1997Q4,1997Q3,1,1997Q4,1998Q1,2.087394447181512
1997Q4,1997Q3,2,1998Q1,1998Q2,1.291425899133103
1997Q4,1997Q3,4,1998Q3,1998Q4,1.5969099771440176
1998Q1,1997Q4,1,1998Q1,1998Q2,0.4954573510846938
1998Q1,1997Q4,2,1998Q2,1998Q3,1.2429293590438872
1998Q1,1997Q4,4,1998Q4,1999Q1,1.547279102509369
1998Q2,1998Q1,1,1998Q2,1998Q3,1.9904013670030807
1998Q2,1998Q1,2,1998Q3,1998Q4,1.9023940551549323
1998Q2,1998Q1,4,1999Q1,1999Q2,1.6660629041482522
1998Q3,1998Q2,1,1998Q3,1998Q4,1.814386743306784
1998Q3,1998Q2,2,1998Q4,1999Q1,1.851628845974851
1998Q3,1998Q2,4,1999Q2,1999Q3,2.091828115452282
1998Q4,1998Q3,1,1998Q4,1999Q1,1.8888709486429178
1998Q4,1998Q3,2,1999Q1,1999Q2,1.5969422178473414
1998Q4,1998Q3,4,1999Q3,1999Q4,2.32780753459772
1999Q1,1998Q4,1,1999Q1,1999Q2,1.4699631156799953
1999Q1,1998Q4,2,1999Q2,1999Q3,2.4976502864021866
1999Q1,1998Q4,4,1999Q4,2000Q1,2.622001806811469
1999Q2,1999Q1,1,1999Q2,1999Q3,3.525337457124378
1999Q2,1999Q1,2,1999Q3,1999Q4,3.0586728513480987
1999Q2,1999Q1,4,2000Q1,2000Q2,3.1757774656645585
1999Q3,1999Q2,1,1999Q3,1999Q4,2.5920082455718196
1999Q3,1999Q2,2,1999Q4,2000Q1,2.746353327220752
1999Q3,1999Q2,4,2000Q2,2000Q3,3.2507467786170805
1999Q4,1999Q3,1,1999Q4,2000Q1,2.900698408869684
1999Q4,1999Q3,2,2000Q1,2000Q2,3.4592319853206543
1999Q4,1999Q3,4,2000Q3,2000Q4,3.469595556225441
2000Q1,1999Q4,1,2000Q1,2000Q2,4.017181172276163
2000Q1,1999Q4,2,2000Q2,2000Q3,3.795725414747153
2000Q1,1999Q4,4,2000Q4,2001Q1,3.425368515616384
2000Q2,2000Q1,1,2000Q2,2000Q3,3.574269657218143
2000Q2,2000Q1,2,2000Q3,2000Q4,3.357550023030642
2000Q2,2000Q1,4,2001Q1,2001Q2,3.407719335570314
2000Q3,2000Q2,1,2000Q3,2000Q4,3.0625059611795846
2000Q3,2000Q2,2,2000Q4,2001Q1,2.8934402985542507
2000Q3,2000Q2,4,2001Q2,2001Q3,3.4213802116426995
2000Q4,2000Q3,1,2000Q4,2001Q1,2.7243746359289167
2000Q4,2000Q3,2,2001Q1,2001Q2,3.5388850509004866
2000Q4,2000Q3,4,2001Q3,2001Q4,2.7049160510144388
2001Q1,2000Q4,1,2001Q1,2001Q2,4.1960539290965215
2001Q1,2000Q4,2,2001Q2,2001Q3,3.6298963940191387
2001Q1,2000Q4,4,2001Q4,2002Q1,1.8721276349883076
2001Q2,2001Q1,1,2001Q2,2001Q3,3.063738858941756
2001Q2,2001Q1,2,2001Q3,2001Q4,1.870947051128391
2001Q2,2001Q1,4,2002Q1,2002Q2,1.2394497361208234
2001Q3,2001Q2,1,2001Q3,2001Q4,0.6781552433150262
2001Q3,2001Q2,2,2001Q4,2002Q1,0.11435887595747651
2001Q3,2001Q2,4,2002Q2,2002Q3,1.3064763374885602
2001Q4,2001Q3,1,2001Q4,2002Q1,-0.44943749140007316
2001Q4,2001Q3,2,2002Q1,2002Q2,0.5296390888925862
2001Q4,2001Q3,4,2002Q3,2002Q4,1.5852254223536033
2002Q1,2001Q4,1,2002Q1,2002Q2,1.3592404712970962
2002Q1,2001Q4,2,2002Q2,2002Q3,2.3857904795588802
2002Q1,2001Q4,4,2002Q4,2003Q1,2.2567594945183957
2002Q2,2002Q1,1,2002Q2,2002Q3,3.4123404878206642
2002Q2,2002Q1,2,2002Q3,2002Q4,2.6408117558146205
2002Q2,2002Q1,4,2003Q1,2003Q2,2.887086010497586
2002Q3,2002Q2,1,2002Q3,2002Q4,1.8692830238085767
2002Q3,2002Q2,2,2002Q4,2003Q1,2.127728509477911
2002Q3,2002Q2,4,2003Q2,2003Q3,2.1603997346836987
2002Q4,2002Q3,1,2002Q4,2003Q1,2.386173995147245
2002Q4,2002Q3,2,2003Q1,2003Q2,2.943341448700343
2002Q4,2002Q3,4,2003Q3,2003Q4,2.20430286454199
2003Q1,2002Q4,1,2003Q1,2003Q2,3.8772564035504775
2003Q1,2002Q4,2,2003Q2,2003Q3,2.230491710197391
2003Q1,2002Q4,4,2003Q4,2004Q1,1.9194939081698725
2003Q2,2003Q1,1,2003Q2,2003Q3,0.5837270168443043
2003Q2,2003Q1,2,2003Q3,2003Q4,1.465264280383638
2003Q2,2003Q1,4,2004Q1,2004Q2,1.8094487778250845
2003Q3,2003Q2,1,2003Q3,2003Q4,2.3468015439229717
2003Q3,2003Q2,2,2003Q4,2004Q1,1.6084961061423542
2003Q3,2003Q2,4,2004Q2,2004Q3,2.8461009219757525
2003Q4,2003Q3,1,2003Q4,2004Q1,0.8701906683617366
2003Q4,2003Q3,2,2004Q1,2004Q2,2.153633275266531
2003Q4,2003Q3,4,2004Q3,2004Q4,2.722104051879087
2004Q1,2003Q4,1,2004Q1,2004Q2,3.582500534219535
2004Q1,2003Q4,2,2004Q2,2004Q3,4.1564180638332555
2004Q1,2003Q4,4,2004Q4,2005Q1,3.3961457078019226
2004Q2,2004Q1,1,2004Q2,2004Q3,4.730335593446977
2004Q2,2004Q1,2,2004Q3,2004Q4,3.2905748284916436
2004Q2,2004Q1,4,2005Q1,2005Q2,3.007185558470055
2004Q3,2004Q2,1,2004Q3,2004Q4,1.8508140635363102
2004Q3,2004Q2,2,2004Q4,2005Q1,2.63587335177059
2004Q3,2004Q2,4,2005Q2,2005Q3,2.9386043194771005
2004Q4,2004Q3,1,2004Q4,2005Q1,3.42093264000487
2004Q4,2004Q3,2,2005Q1,2005Q2,2.980758937118355
2004Q4,2004Q3,4,2005Q3,2005Q4,3.806812911017432
2005Q1,2004Q4,1,2005Q1,2005Q2,2.3942602300793814
2005Q1,2004Q4,2,2005Q2,2005Q3,3.275600871896378
2005Q1,2004Q4,4,2005Q4,2006Q1,3.7215931655044607
2005Q2,2005Q1,1,2005Q2,2005Q3,4.156941513713375
2005Q2,2005Q1,2,2005Q3,2005Q4,4.632866884916509
2005Q2,2005Q1,4,2006Q1,2006Q2,3.682995950361473
2005Q3,2005Q2,1,2005Q3,2005Q4,5.108792256119643
2005Q3,2005Q2,2,2005Q4,2006Q1,4.167585459112544
2005Q3,2005Q2,4,2006Q2,2006Q3,3.9947100398407764
2005Q4,2005Q3,1,2005Q4,2006Q1,3.2263786621054447
2005Q4,2005Q3,2,2006Q1,2006Q2,2.7319005952237796
2005Q4,2005Q3,4,2006Q3,2006Q4,3.3444327565468446
2006Q1,2005Q4,1,2006Q1,2006Q2,2.2385294569035485
2006Q1,2005Q4,2,2006Q2,2006Q3,3.6062305935536942
2006Q1,2005Q4,4,2006Q4,2007Q1,1.9850208702707484
2006Q2,2006Q1,1,2006Q2,2006Q3,4.97393173020384
2006Q2,2006Q1,2,2006Q3,2006Q4,3.9569649178699096
2006Q2,2006Q1,4,2007Q1,2007Q2,2.4634477482291866
2006Q3,2006Q2,1,2006Q3,2006Q4,2.939998105535979
2006Q3,2006Q2,2,2006Q4,2007Q1,0.3638111469878025
2006Q3,2006Q2,4,2007Q2,2007Q3,2.699045484743967
2006Q4,2006Q3,1,2006Q4,2007Q1,-2.212375811560374
2006Q4,2006Q3,2,2007Q1,2007Q2,0.8665357185142386
2006Q4,2006Q3,4,2007Q3,2007Q4,2.39830940320544
2007Q1,2006Q4,1,2007Q1,2007Q2,3.815994392999822
2007Q1,2006Q4,2,2007Q2,2007Q3,4.901717218802237
2007Q1,2006Q4,4,2007Q4,2008Q1,4.0155899903838215
2007Q2,2007Q1,1,2007Q2,2007Q3,5.987440044604653
2007Q2,2007Q1,2,2007Q3,2007Q4,3.930083087896641
2007Q2,2007Q1,4,2008Q1,2008Q2,4.177654017570181
2007Q3,2007Q2,1,2007Q3,2007Q4,1.872726131188629
2007Q3,2007Q2,2,2007Q4,2008Q1,3.9058859062529705
2007Q3,2007Q2,4,2008Q2,2008Q3,4.293413337726715
2007Q4,2007Q3,1,2007Q4,2008Q1,5.02762685522371
2007Q4,2007Q3,2,2008Q1,2008Q2,4.676699123061734
2007Q4,2007Q3,4,2008Q3,2008Q4,5.277683221750096
2008Q1,2007Q4,1,2008Q1,2008Q2,4.3257713908997575
2008Q1,2007Q4,2,2008Q2,2008Q3,4.680940769200459
2008Q1,2007Q4,4,2008Q4,2009Q1,1.7271785136364515
2008Q2,2008Q1,1,2008Q2,2008Q3,5.0361101475011605
2008Q2,2008Q1,2,2008Q3,2008Q4,5.878667320438458
2008Q2,2008Q1,4,2009Q1,2009Q2,-0.006619568247140384
2008Q3,2008Q2,1,2008Q3,2008Q4,6.721224493375755
2008Q3,2008Q2,2,2008Q4,2009Q1,-1.226583741927556
2008Q3,2008Q2,4,2009Q2,2009Q3,-0.7961665834455178
2008Q4,2008Q3,1,2008Q4,2009Q1,-9.174391977230867
2008Q4,2008Q3,2,2009Q1,2009Q2,-5.356385728659829
2008Q4,2008Q3,4,2009Q3,2009Q4,-1.4459170361092841
2009Q1,2008Q4,1,2009Q1,2009Q2,-2.368462318200293
2009Q1,2008Q4,2,2009Q2,2009Q3,-0.519074007435194
2009Q1,2008Q4,4,2009Q4,2010Q1,1.5010040096540833
2009Q2,2009Q1,1,2009Q2,2009Q3,1.3303143033299047
2009Q2,2009Q1,2,2009Q3,2009Q4,2.4645516564412606
2009Q2,2009Q1,4,2010Q1,2010Q2,2.423538555445343
2009Q3,2009Q2,1,2009Q3,2009Q4,3.5987890095526165
2009Q3,2009Q2,2,2009Q4,2010Q1,3.5210820267433607
2009Q3,2009Q2,4,2010Q2,2010Q3,1.7798265039501215
2009Q4,2009Q3,1,2009Q4,2010Q1,3.443375043934105
2009Q4,2009Q3,2,2010Q1,2010Q2,2.0719497718861724
2009Q4,2009Q3,4,2010Q3,2010Q4,1.2247676338933255
2010Q1,2009Q4,1,2010Q1,2010Q2,1.5257799904821345
2010Q1,2009Q4,2,2010Q2,2010Q3,0.40393169591916855
2010Q1,2009Q4,4,2010Q4,2011Q1,1.2108930243591276
2010Q2,2010Q1,1,2010Q2,2010Q3,-0.7179165986437974
2010Q2,2010Q1,2,2010Q3,2010Q4,0.37758549590047874
2010Q2,2010Q1,4,2011Q1,2011Q2,2.1954274998692958
2010Q3,2010Q2,1,2010Q3,2010Q4,1.473087590444755
2010Q3,2010Q2,2,2010Q4,2011Q1,2.0328683917991808
2010Q3,2010Q2,4,2011Q2,2011Q3,3.3439359306531466
2010Q4,2010Q3,1,2010Q4,2011Q1,2.643072952469594
2010Q4,2010Q3,2,2011Q1,2011Q2,3.9306457217240798
2010Q4,2010Q3,4,2011Q3,2011Q4,3.7551688683199527
2011Q1,2010Q4,1,2011Q1,2011Q2,5.218218490978566
2011Q1,2010Q4,2,2011Q2,2011Q3,4.655003469507113
2011Q1,2010Q4,4,2011Q4,2012Q1,3.343719171941861
2011Q2,2011Q1,1,2011Q2,2011Q3,4.09178844803566
2011Q2,2011Q1,2,2011Q3,2011Q4,3.579692014915825
2011Q2,2011Q1,4,2012Q1,2012Q2,2.827855290210707
2011Q3,2011Q2,1,2011Q3,2011Q4,3.06759558179599
2011Q3,2011Q2,2,2011Q4,2012Q1,2.1984574212554286
2011Q3,2011Q2,4,2012Q2,2012Q3,1.907847871976337
2011Q4,2011Q3,1,2011Q4,2012Q1,1.303008958053442
2011Q4,2011Q3,2,2012Q1,2012Q2,1.8922295104597642
2011Q4,2011Q3,4,2012Q3,2012Q4,1.709999257725625
2012Q1,2011Q4,1,2012Q1,2012Q2,2.4814500628660863
2012Q1,2011Q4,2,2012Q2,2012Q3,1.6172383226972453
2012Q1,2011Q4,4,2012Q4,2013Q1,1.8975411833295763
2012Q2,2012Q1,1,2012Q2,2012Q3,0.7530265825284044
2012Q2,2012Q1,2,2012Q3,2012Q4,1.527769004991486
2012Q2,2012Q1,4,2013Q1,2013Q2,1.6804627522420679
2012Q3,2012Q2,1,2012Q3,2012Q4,2.3025114274545677
2012Q3,2012Q2,2,2012Q4,2013Q1,2.1778440439619073
2012Q3,2012Q2,4,2013Q2,2013Q3,1.4221924672093489
2012Q4,2012Q3,1,2012Q4,2013Q1,2.053176660469247
2012Q4,2012Q3,2,2013Q1,2013Q2,1.8111901190724256
2012Q4,2012Q3,4,2013Q3,2013Q4,1.555844901734349
2013Q1,2012Q4,1,2013Q1,2013Q2,1.435678750486158
2013Q1,2012Q4,2,2013Q2,2013Q3,0.7040537984847384
2013Q1,2012Q4,4,2013Q4,2014Q1,1.2222113154199021
2013Q2,2013Q1,1,2013Q2,2013Q3,-0.027571153516681157
2013Q2,2013Q1,2,2013Q3,2013Q4,1.3004996843962724
2013Q2,2013Q1,4,2014Q1,2014Q2,1.402801938858883
2013Q3,2013Q2,1,2013Q3,2013Q4,2.628570522309226
2013Q3,2013Q2,2,2013Q4,2014Q1,1.6495063240825059
2013Q3,2013Q2,4,2014Q2,2014Q3,2.0603969390479815
2013Q4,2013Q3,1,2013Q4,2014Q1,1.1361168107955733
2013Q4,2013Q3,2,2014Q1,2014Q2,1.5238543178763941
2013Q4,2013Q3,4,2014Q3,2014Q4,1.793635288088563
2014Q1,2013Q4,1,2014Q1,2014Q2,1.911591824957215
2014Q1,2013Q4,2,2014Q2,2014Q3,2.471287554013457
2014Q1,2013Q4,4,2014Q4,2015Q1,1.2098288981173821
2014Q2,2014Q1,1,2014Q2,2014Q3,3.030983283069699
2014Q2,2014Q1,2,2014Q3,2014Q4,2.063416258300732
2014Q2,2014Q1,4,2015Q1,2015Q2,-0.07315346827332092
2014Q3,2014Q2,1,2014Q3,2014Q4,1.0958492335317649
2014Q3,2014Q2,2,2014Q4,2015Q1,-0.05162975777869283
2014Q3,2014Q2,4,2015Q2,2015Q3,0.06219093526206032
2014Q4,2014Q3,1,2014Q4,2015Q1,-1.1991087490891505
2014Q4,2014Q3,2,2015Q1,2015Q2,-1.9564883991430915
2014Q4,2014Q3,4,2015Q3,2015Q4,0.16215089598269616
2015Q1,2014Q4,1,2015Q1,2015Q2,-3.0586221566305416
2015Q1,2014Q4,2,2015Q2,2015Q3,-0.040180042523091375
2015Q1,2014Q4,4,2015Q4,2016Q1,0.4324023199759913
2015Q2,2015Q1,1,2015Q2,2015Q3,2.978262071584359
2015Q2,2015Q1,2,2015Q3,2015Q4,2.280790191108484
2015Q2,2015Q1,4,2016Q1,2016Q2,1.0677393840188647
2015Q3,2015Q2,1,2015Q3,2015Q4,1.5833183106326087
2015Q3,2015Q2,2,2015Q4,2016Q1,0.904984682475074
2015Q3,2015Q2,4,2016Q2,2016Q3,1.0933769010619128
2015Q4,2015Q3,1,2015Q4,2016Q1,0.2266510543175393
2015Q4,2015Q3,2,2016Q1,2016Q2,0.22825661474782932
2015Q4,2015Q3,4,2016Q3,2016Q4,1.153820741925629
2016Q1,2015Q4,1,2016Q1,2016Q2,-0.31211128323661574
2016Q1,2015Q4,2,2016Q2,2016Q3,1.1148951328622092
2016Q1,2015Q4,4,2016Q4,2017Q1,1.8162239162932359
2016Q2,2016Q1,1,2016Q2,2016Q3,2.541901548961034
2016Q2,2016Q1,2,2016Q3,2016Q4,2.079384869103429
2016Q2,2016Q1,4,2017Q1,2017Q2,2.5749205253899508
2016Q3,2016Q2,1,2016Q3,2016Q4,1.6322865749415216
2016Q3,2016Q2,2,2016Q4,2017Q1,2.4120028339050026
2016Q3,2016Q2,4,2017Q2,2017Q3,1.914857854531915
2016Q4,2016Q3,1,2016Q4,2017Q1,3.040329214836457
2016Q4,2016Q3,2,2017Q1,2017Q2,3.0939006253505097
2016Q4,2016Q3,4,2017Q3,2017Q4,1.97242799832415
2017Q1,2016Q4,1,2017Q1,2017Q2,3.1474720358645625
2017Q1,2016Q4,2,2017Q2,2017Q3,1.4177128751588275
2017Q1,2016Q4,4,2017Q4,2018Q1,2.1234398964209533
2017Q2,2017Q1,1,2017Q2,2017Q3,-0.3120462855469075
2017Q2,2017Q1,2,2017Q3,2017Q4,0.8509553712977902
2017Q2,2017Q1,4,2018Q1,2018Q2,2.260730305383868
2017Q3,2017Q2,1,2017Q3,2017Q4,2.013957028142488
2017Q3,2017Q2,2,2017Q4,2018Q1,2.717601655074975
2017Q3,2017Q2,4,2018Q2,2018Q3,2.6497137520858196
2017Q4,2017Q3,1,2017Q4,2018Q1,3.309258644908475
2017Q4,2017Q3,2,2018Q1,2018Q2,3.4084590641747514
2017Q4,2017Q3,4,2018Q3,2018Q4,2.6171238222645385
2018Q1,2017Q4,1,2018Q1,2018Q2,3.507659483441028
2018Q1,2017Q4,2,2018Q2,2018Q3,2.581825849096664
2018Q1,2017Q4,4,2018Q4,2019Q1,2.2204403798664343
2018Q2,2018Q1,1,2018Q2,2018Q3,1.6559922147522999
2018Q2,2018Q1,2,2018Q3,2018Q4,1.8257885803543261
2018Q2,2018Q1,4,2019Q1,2019Q2,1.6305196325251348
2018Q3,2018Q2,1,2018Q3,2018Q4,1.9955849459563524
2018Q3,2018Q2,2,2018Q4,2019Q1,1.7481475460862872
2018Q3,2018Q2,4,2019Q2,2019Q3,1.8228035848881052
2018Q4,2018Q3,1,2018Q4,2019Q1,1.4859332182080243
2018Q4,2018Q3,2,2019Q1,2019Q2,1.1814447046614385
2018Q4,2018Q3,4,2019Q3,2019Q4,1.767515745446352
2019Q1,2018Q4,1,2019Q1,2019Q2,0.8769561911148527
2019Q1,2018Q4,2,2019Q2,2019Q3,1.8974596236899233
2019Q1,2018Q4,4,2019Q4,2020Q1,2.035008926875709
2019Q2,2019Q1,1,2019Q2,2019Q3,2.917963056264994
2019Q2,2019Q1,2,2019Q3,2019Q4,2.3535867862312654
2019Q2,2019Q1,4,2020Q1,2020Q2,2.107562179763117
2019Q3,2019Q2,1,2019Q3,2019Q4,1.789210516197537
2019Q3,2019Q2,2,2019Q4,2020Q1,2.097439328375128
2019Q3,2019Q2,4,2020Q2,2020Q3,0.4683140015026954
2019Q4,2019Q3,1,2019Q4,2020Q1,2.373584652403893
2019Q4,2019Q3,2,2020Q1,2020Q2,1.7909350439325178
2019Q4,2019Q3,4,2020Q3,2020Q4,1.3025504441785851
2020Q1,2019Q4,1,2020Q1,2020Q2,1.2082854354611428
2020Q1,2019Q4,2,2020Q2,2020Q3,-1.1608113253697372
2020Q1,2019Q4,4,2020Q4,2021Q1,1.251300927600421
2020Q2,2020Q1,1,2020Q2,2020Q3,-3.529908086200617
2020Q2,2020Q1,2,2020Q3,2020Q4,0.8141658444246525
2020Q2,2020Q1,4,2021Q1,2021Q2,1.9391375027445394
2020Q3,2020Q2,1,2020Q3,2020Q4,5.158239775049922
2020Q3,2020Q2,2,2020Q4,2021Q1,3.554780410868308
2020Q3,2020Q2,4,2021Q2,2021Q3,4.825721096323093
2020Q4,2020Q3,1,2020Q4,2021Q1,2.4297535196298625
2020Q4,2020Q3,2,2021Q1,2021Q2,3.089055524995321
2020Q4,2020Q3,4,2021Q3,2021Q4,5.313987918581836
2021Q1,2020Q4,1,2021Q1,2021Q2,3.7483575303607797
2021Q1,2020Q4,2,2021Q2,2021Q3,6.096661781777879
2021Q1,2020Q4,4,2021Q4,2022Q1,6.733459366702815
2021Q2,2021Q1,1,2021Q2,2021Q3,8.444966033194978
2021Q2,2021Q1,2,2021Q3,2021Q4,7.538920312168351
2021Q2,2021Q1,4,2022Q1,2022Q2,8.004019802383837
2021Q3,2021Q2,1,2021Q3,2021Q4,6.632874591141724
2021Q3,2021Q2,2,2021Q4,2022Q1,7.314020179345548
2021Q3,2021Q2,4,2022Q2,2022Q3,8.589965787316823
2021Q4,2021Q3,1,2021Q4,2022Q1,7.912189757006627
2021Q4,2021Q3,2,2022Q1,2022Q2,8.556550096228932
2021Q4,2021Q3,4,2022Q3,2022Q4,8.332401527773303
2022Q1,2021Q4,1,2022Q1,2022Q2,9.200910435451238
2022Q1,2021Q4,2,2022Q2,2022Q3,9.865911395288096
2022Q1,2021Q4,4,2022Q4,2023Q1,7.136411956301675
2022Q2,2022Q1,1,2022Q2,2022Q3,10.530912355124954
2022Q2,2022Q1,2,2022Q3,2022Q4,8.108252959317674
2022Q2,2022Q1,4,2023Q1,2023Q2,5.794672055201039
2022Q3,2022Q2,1,2022Q3,2022Q4,5.685593563510394
2022Q3,2022Q2,2,2022Q4,2023Q1,4.854588551182026
2022Q3,2022Q2,4,2023Q2,2023Q3,4.05771386774853
2022Q4,2022Q3,1,2022Q4,2023Q1,4.164171055461474
2022Q4,2022Q3,2,2023Q1,2023Q2,3.988437339154305
2022Q4,2022Q3,4,2023Q3,2023Q4,3.5672682634600275
2023Q1,2022Q4,1,2023Q1,2023Q2,3.8127036228471356
2023Q1,2022Q4,2,2023Q2,2023Q3,3.260839184315034
2023Q1,2022Q4,4,2023Q4,2024Q1,3.236880659965069
2023Q2,2023Q1,1,2023Q2,2023Q3,2.7089747457829327
2023Q2,2023Q1,2,2023Q3,2023Q4,3.1460991877657496
2023Q2,2023Q1,4,2024Q1,2024Q2,3.249990947694148
2023Q3,2023Q2,1,2023Q3,2023Q4,3.5832236297485665
2023Q3,2023Q2,2,2023Q4,2024Q1,3.0768418686746624
2023Q3,2023Q2,4,2024Q2,2024Q3,3.1952629158841894
2023Q4,2023Q3,1,2023Q4,2024Q1,2.7260402431784847
2023Q4,2023Q3,2,2024Q1,2024Q2,3.2660468914595286
2023Q4,2023Q3,4,2024Q3,2024Q4,2.644168369512678
2024Q1,2023Q4,1,2024Q1,2024Q2,3.8060535397405726
2024Q1,2023Q4,2,2024Q2,2024Q3,3.3136839630937165
2024Q1,2023Q4,4,2024Q4,2025Q1,2.7229369886766444
2024Q2,2024Q1,1,2024Q2,2024Q3,2.8213143864468604
2024Q2,2024Q1,2,2024Q3,2024Q4,2.022289847565828
2024Q2,2024Q1,4,2025Q1,2025Q2,2.7426663598811354
2024Q3,2024Q2,1,2024Q3,2024Q4,1.2232653086847955
2024Q3,2024Q2,2,2024Q4,2025Q1,2.214699484817617
2024Q3,2024Q2,4,2025Q2,2025Q3,2.465523975310541
2024Q4,2024Q3,1,2024Q4,2025Q1,3.033437325087851
2024Q4,2024Q3,2,2025Q1,2025Q2,3.409014058647497
2024Q4,2024Q3,4,2025Q3,2025Q4,2.901056658965767
2025Q1,2024Q4,1,2025Q1,2025Q2,3.784590792207143
2025Q1,2024Q4,2,2025Q2,2025Q3,2.7163484658034642
2025Q1,2024Q4,4,2025Q4,2026Q1,2.8326690734365894
2025Q2,2025Q1,1,2025Q2,2025Q3,1.6481061393997853
2025Q2,2025Q1,2,2025Q3,2025Q4,2.393099259284037
2025Q2,2025Q1,4,2026Q1,2026Q2,2.7058891583339237
2025Q3,2025Q2,1,2025Q3,2025Q4,3.138092379168289
2025Q3,2025Q2,2,2025Q4,2026Q1,2.9906228819557623
2025Q4,2025Q3,1,2025Q4,2026Q1,2.8919195350622706
2025Q4,2025Q3,2,2026Q1,2026Q2,3.041539247823777
2026Q1,2025Q4,1,2026Q1,2026Q2,3.191158960585283
