series,vintage,origin,survey_q,horizon_quarters,target_annualized_pct
core_cpi,first_release,1998Q4,1999Q1,1,1.5310509426865737
core_cpi,first_release,1998Q4,1999Q1,2,1.9512806382828596
core_cpi,first_release,1998Q4,1999Q1,4,2.0369767218523793
core_cpi,first_release,1999Q1,1999Q2,1,2.3715103338791454
core_cpi,first_release,1999Q1,1999Q2,2,2.0583633390279354
core_cpi,first_release,1999Q1,1999Q2,4,2.2376376636955744
core_cpi,first_release,1999Q2,1999Q3,1,1.7452163441767254
core_cpi,first_release,1999Q2,1999Q3,2,2.122672805421899
core_cpi,first_release,1999Q2,1999Q3,4,2.3383166900104
core_cpi,first_release,1999Q3,1999Q4,1,2.5001292666670727
core_cpi,first_release,1999Q3,1999Q4,2,2.416911988363213
core_cpi,first_release,1999Q3,1999Q4,4,2.534368657377267
core_cpi,first_release,1999Q4,2000Q1,1,2.333694710059353
core_cpi,first_release,1999Q4,2000Q1,2,2.5539605745989014
core_cpi,first_release,1999Q4,2000Q1,4,2.537463327905798
core_cpi,first_release,2000Q1,2000Q2,1,2.7742264391384497
core_cpi,first_release,2000Q1,2000Q2,2,2.6518253263913216
core_cpi,first_release,2000Q1,2000Q2,4,2.7081486233635097
core_cpi,first_release,2000Q2,2000Q3,1,2.5294242136441936
core_cpi,first_release,2000Q2,2000Q3,2,2.5209660812126944
core_cpi,first_release,2000Q2,2000Q3,4,2.670891268790249
core_cpi,first_release,2000Q3,2000Q4,1,2.512507948781195
core_cpi,first_release,2000Q3,2000Q4,2,2.764471920335698
core_cpi,first_release,2000Q3,2000Q4,4,2.6722801322968284
core_cpi,first_release,2000Q4,2001Q1,1,3.0164358918902012
core_cpi,first_release,2000Q4,2001Q1,2,2.820816456367803
core_cpi,first_release,2000Q4,2001Q1,4,2.7102434654579346
core_cpi,first_release,2001Q1,2001Q2,1,2.6251970208454045
core_cpi,first_release,2001Q1,2001Q2,2,2.580088344257958
core_cpi,first_release,2001Q1,2001Q2,4,2.528242573024164
core_cpi,first_release,2001Q2,2001Q3,1,2.5349796676705116
core_cpi,first_release,2001Q2,2001Q3,2,2.599670474548066
core_cpi,first_release,2001Q2,2001Q3,4,2.4231790069660084
core_cpi,first_release,2001Q3,2001Q4,1,2.66436128142562
core_cpi,first_release,2001Q3,2001Q4,2,2.4763968017903704
core_cpi,first_release,2001Q3,2001Q4,4,2.2842106153059816
core_cpi,first_release,2001Q4,2002Q1,1,2.2884323221551206
core_cpi,first_release,2001Q4,2002Q1,2,2.2466875393839514
core_cpi,first_release,2001Q4,2002Q1,4,2.075050796308803
core_cpi,first_release,2002Q1,2002Q2,1,2.204942756612782
core_cpi,first_release,2002Q1,2002Q2,2,2.092024428821593
core_cpi,first_release,2002Q1,2002Q2,4,1.7645115351227314
core_cpi,first_release,2002Q2,2002Q3,1,1.9791061010304034
core_cpi,first_release,2002Q2,2002Q3,2,1.903414053233654
core_cpi,first_release,2002Q2,2002Q3,4,1.4217887894763692
core_cpi,first_release,2002Q3,2002Q4,1,1.8277220054369048
core_cpi,first_release,2002Q3,2002Q4,2,1.43699864142387
core_cpi,first_release,2002Q3,2002Q4,4,1.3094797560085192
core_cpi,first_release,2002Q4,2003Q1,1,1.0462752774108353
core_cpi,first_release,2002Q4,2003Q1,2,0.9401635257190843
core_cpi,first_release,2002Q4,2003Q1,4,1.1292195878537303
core_cpi,first_release,2003Q1,2003Q2,1,0.8340517740273334
core_cpi,first_release,2003Q1,2003Q2,2,1.1819608705931683
core_cpi,first_release,2003Q1,2003Q2,4,1.3347875271123077
core_cpi,first_release,2003Q2,2003Q3,1,1.5298699671590033
core_cpi,first_release,2003Q2,2003Q3,2,1.3182756499883763
core_cpi,first_release,2003Q2,2003Q3,4,1.869853419029227
core_cpi,first_release,2003Q3,2003Q4,1,1.1066813328177494
core_cpi,first_release,2003Q3,2003Q4,2,1.4876141836314472
core_cpi,first_release,2003Q3,2003Q4,4,1.8630033246497424
core_cpi,first_release,2003Q4,2004Q1,1,1.868547034445145
core_cpi,first_release,2003Q4,2004Q1,2,2.421431188070078
core_cpi,first_release,2003Q4,2004Q1,4,2.1664095078915646
core_cpi,first_release,2004Q1,2004Q2,1,2.9743153416950108
core_cpi,first_release,2004Q1,2004Q2,2,2.2383924656680376
core_cpi,first_release,2004Q1,2004Q2,4,2.344507065505441
core_cpi,first_release,2004Q2,2004Q3,1,1.5024695896410645
core_cpi,first_release,2004Q2,2004Q3,2,1.9113878277130514
core_cpi,first_release,2004Q2,2004Q3,4,2.1060517320960592
core_cpi,first_release,2004Q3,2004Q4,1,2.3203060657850383
core_cpi,first_release,2004Q3,2004Q4,2,2.4506216653428448
core_cpi,first_release,2004Q3,2004Q4,4,2.0982575715203176
core_cpi,first_release,2004Q4,2005Q1,1,2.5809372649006512
core_cpi,first_release,2004Q4,2005Q1,2,2.300715636479067
core_cpi,first_release,2004Q4,2005Q1,4,2.1031037948810836
core_cpi,first_release,2005Q1,2005Q2,1,2.020494008057483
core_cpi,first_release,2005Q1,2005Q2,2,1.7458934776977908
core_cpi,first_release,2005Q1,2005Q2,4,2.0896981498507494
core_cpi,first_release,2005Q2,2005Q3,1,1.4712929473380987
core_cpi,first_release,2005Q2,2005Q3,2,1.9054919532831005
core_cpi,first_release,2005Q2,2005Q3,4,2.4635024541497854
core_cpi,first_release,2005Q3,2005Q4,1,2.3396909592281023
core_cpi,first_release,2005Q3,2005Q4,2,2.433502822003708
core_cpi,first_release,2005Q3,2005Q4,4,2.833992942853353
core_cpi,first_release,2005Q4,2006Q1,1,2.5273146847793138
core_cpi,first_release,2005Q4,2006Q1,2,3.02151295501647
core_cpi,first_release,2005Q4,2006Q1,4,2.686907735642974
core_cpi,first_release,2006Q1,2006Q2,1,3.515711225253626
core_cpi,first_release,2006Q1,2006Q2,2,3.2344830637029975
core_cpi,first_release,2006Q1,2006Q2,4,2.6424805334583805
core_cpi,first_release,2006Q2,2006Q3,1,2.953254902152369
core_cpi,first_release,2006Q2,2006Q3,2,2.3523025162694777
core_cpi,first_release,2006Q2,2006Q3,4,2.243497327328403
core_cpi,first_release,2006Q3,2006Q4,1,1.7513501303865864
core_cpi,first_release,2006Q3,2006Q4,2,2.0504780032137626
core_cpi,first_release,2006Q3,2006Q4,4,2.126587949247738
core_cpi,first_release,2006Q4,2007Q1,1,2.349605876040939
core_cpi,first_release,2006Q4,2007Q1,2,2.1346921383873285
core_cpi,first_release,2006Q4,2007Q1,4,2.3151594208160264
core_cpi,first_release,2007Q1,2007Q2,1,1.9197784007337182
core_cpi,first_release,2007Q1,2007Q2,2,2.2026978952817133
core_cpi,first_release,2007Q1,2007Q2,4,2.3762231909826736
core_cpi,first_release,2007Q2,2007Q3,1,2.4856173898297085
core_cpi,first_release,2007Q2,2007Q3,2,2.4956267032447244
core_cpi,first_release,2007Q2,2007Q3,4,2.3613226707588755
core_cpi,first_release,2007Q3,2007Q4,1,2.5056360166597402
core_cpi,first_release,2007Q3,2007Q4,2,2.549748486683634
core_cpi,first_release,2007Q3,2007Q4,4,2.537171086956169
core_cpi,first_release,2007Q4,2008Q1,1,2.5938609567075277
core_cpi,first_release,2007Q4,2008Q1,2,2.227018638273026
core_cpi,first_release,2007Q4,2008Q1,4,2.007843722726915
core_cpi,first_release,2008Q1,2008Q2,1,1.8601763198385246
core_cpi,first_release,2008Q1,2008Q2,2,2.5245936872287045
core_cpi,first_release,2008Q1,2008Q2,4,1.71675740400129
core_cpi,first_release,2008Q2,2008Q3,1,3.1890110546188843
core_cpi,first_release,2008Q2,2008Q3,2,1.7886688071808043
core_cpi,first_release,2008Q2,2008Q3,4,1.8498311450196647
core_cpi,first_release,2008Q3,2008Q4,1,0.38832655974272434
core_cpi,first_release,2008Q3,2008Q4,2,0.9089211207738757
core_cpi,first_release,2008Q3,2008Q4,4,1.4261249180175073
core_cpi,first_release,2008Q4,2009Q1,1,1.429515681805027
core_cpi,first_release,2008Q4,2009Q1,2,1.910993482858525
core_cpi,first_release,2008Q4,2009Q1,4,1.7051905659984101
core_cpi,first_release,2009Q1,2009Q2,1,2.3924712839120232
core_cpi,first_release,2009Q1,2009Q2,2,1.943328715261139
core_cpi,first_release,2009Q1,2009Q2,4,1.3450913282305965
core_cpi,first_release,2009Q2,2009Q3,1,1.4941861466102546
core_cpi,first_release,2009Q2,2009Q3,2,1.4993876491382951
core_cpi,first_release,2009Q2,2009Q3,4,0.9724503577325294
core_cpi,first_release,2009Q3,2009Q4,1,1.5045891516663357
core_cpi,first_release,2009Q3,2009Q4,2,0.7468539412000541
core_cpi,first_release,2009Q3,2009Q4,4,0.9083867776220111
core_cpi,first_release,2009Q4,2010Q1,1,-0.010881269266227456
core_cpi,first_release,2009Q4,2010Q1,2,0.4455130663267637
core_cpi,first_release,2009Q4,2010Q1,4,0.6373330983347136
core_cpi,first_release,2010Q1,2010Q2,1,0.9019074019197548
core_cpi,first_release,2010Q1,2010Q2,2,1.0699196140439682
core_cpi,first_release,2010Q1,2010Q2,4,1.0850422834007722
core_cpi,first_release,2010Q2,2010Q3,1,1.2379318261681815
core_cpi,first_release,2010Q2,2010Q3,2,0.8291531303426636
core_cpi,first_release,2010Q2,2010Q3,4,1.4846783780960326
core_cpi,first_release,2010Q3,2010Q4,1,0.4203744345171456
core_cpi,first_release,2010Q3,2010Q4,2,1.1001649527575763
core_cpi,first_release,2010Q3,2010Q4,4,1.8541267128159789
core_cpi,first_release,2010Q4,2011Q1,1,1.779955470998007
core_cpi,first_release,2010Q4,2011Q1,2,2.1402036258494017
core_cpi,first_release,2010Q4,2011Q1,4,2.169594447144574
core_cpi,first_release,2011Q1,2011Q2,1,2.5004517807007964
core_cpi,first_release,2011Q1,2011Q2,2,2.6080884728743814
core_cpi,first_release,2011Q1,2011Q2,4,2.2445610511159506
core_cpi,first_release,2011Q2,2011Q3,1,2.7157251650479663
core_cpi,first_release,2011Q2,2011Q3,2,2.198985268439746
core_cpi,first_release,2011Q2,2011Q3,4,2.257463254934561
core_cpi,first_release,2011Q3,2011Q4,1,1.6822453718315256
core_cpi,first_release,2011Q3,2011Q4,2,1.8810336293575203
core_cpi,first_release,2011Q3,2011Q4,4,1.9586844816475601
core_cpi,first_release,2011Q4,2012Q1,1,2.079821886883515
core_cpi,first_release,2011Q4,2012Q1,2,2.3159412414293756
core_cpi,first_release,2011Q4,2012Q1,4,1.9421719640978996
core_cpi,first_release,2012Q1,2012Q2,1,2.5520605959752363
core_cpi,first_release,2012Q1,2012Q2,2,2.0363353339376
core_cpi,first_release,2012Q1,2012Q2,4,1.9307750943387603
core_cpi,first_release,2012Q2,2012Q3,1,1.5206100718999638
core_cpi,first_release,2012Q2,2012Q3,2,1.5684026867664236
core_cpi,first_release,2012Q2,2012Q3,4,1.6402757320538142
core_cpi,first_release,2012Q3,2012Q4,1,1.6161953016328834
core_cpi,first_release,2012Q3,2012Q4,2,1.8252148547399205
core_cpi,first_release,2012Q3,2012Q4,4,1.7069268190830544
core_cpi,first_release,2012Q4,2013Q1,1,2.0342344078469576
core_cpi,first_release,2012Q4,2013Q1,2,1.7121487773412047
core_cpi,first_release,2012Q4,2013Q1,4,1.6918067191772468
core_cpi,first_release,2013Q1,2013Q2,1,1.3900631468354518
core_cpi,first_release,2013Q1,2013Q2,2,1.5886387834261884
core_cpi,first_release,2013Q1,2013Q2,4,1.5849603514050459
core_cpi,first_release,2013Q2,2013Q3,1,1.7872144200169249
core_cpi,first_release,2013Q2,2013Q3,2,1.6714646610132888
core_cpi,first_release,2013Q2,2013Q3,4,1.871839627107863
core_cpi,first_release,2013Q3,2013Q4,1,1.5557149020096528
core_cpi,first_release,2013Q3,2013Q4,2,1.5812819193839034
core_cpi,first_release,2013Q3,2013Q4,4,1.750729202887169
core_cpi,first_release,2013Q4,2014Q1,1,1.606848936758154
core_cpi,first_release,2013Q4,2014Q1,2,2.072214593202437
core_cpi,first_release,2013Q4,2014Q1,4,1.7131241898472482
core_cpi,first_release,2014Q1,2014Q2,1,2.5375802496467204
core_cpi,first_release,2014Q1,2014Q2,2,1.9201764863904347
core_cpi,first_release,2014Q1,2014Q2,4,1.6979663188233796
core_cpi,first_release,2014Q2,2014Q3,1,1.302772723134149
core_cpi,first_release,2014Q2,2014Q3,2,1.3540337864920593
core_cpi,first_release,2014Q2,2014Q3,4,1.6867219273460687
core_cpi,first_release,2014Q3,2014Q4,1,1.4052948498499696
core_cpi,first_release,2014Q3,2014Q4,2,1.4757561512563244
core_cpi,first_release,2014Q3,2014Q4,4,1.7841657093778163
core_cpi,first_release,2014Q4,2015Q1,1,1.5462174526626793
core_cpi,first_release,2014Q4,2015Q1,2,2.019410068200078
core_cpi,first_release,2014Q4,2015Q1,4,1.9679656102510046
core_cpi,first_release,2015Q1,2015Q2,1,2.492602683737477
core_cpi,first_release,2015Q1,2015Q2,2,2.092575267499308
core_cpi,first_release,2015Q1,2015Q2,4,2.2380706957882968
core_cpi,first_release,2015Q2,2015Q3,1,1.6925478512611392
core_cpi,first_release,2015Q2,2015Q3,2,1.916521152301931
core_cpi,first_release,2015Q2,2015Q3,4,2.146890841891469
core_cpi,first_release,2015Q3,2015Q4,1,2.140494453342723
core_cpi,first_release,2015Q3,2015Q4,2,2.3835661240772854
core_cpi,first_release,2015Q3,2015Q4,4,2.2027768211000662
core_cpi,first_release,2015Q4,2016Q1,1,2.626637794811848
core_cpi,first_release,2015Q4,2016Q1,2,2.377260531481007
core_cpi,first_release,2015Q4,2016Q1,4,2.1570704483819316
core_cpi,first_release,2016Q1,2016Q2,1,2.127883268150166
core_cpi,first_release,2016Q1,2016Q2,2,2.0219875181228475
core_cpi,first_release,2016Q1,2016Q2,4,2.1150034949712184
core_cpi,first_release,2016Q2,2016Q3,1,1.9160917680955292
core_cpi,first_release,2016Q2,2016Q3,2,1.936880365282856
core_cpi,first_release,2016Q2,2016Q3,4,1.7231566966990852
core_cpi,first_release,2016Q3,2016Q4,1,1.9576689624701826
core_cpi,first_release,2016Q3,2016Q4,2,2.208019471819589
core_cpi,first_release,2016Q3,2016Q4,4,1.6692980232479782
core_cpi,first_release,2016Q4,2017Q1,1,2.458369981168995
core_cpi,first_release,2016Q4,2017Q1,2,1.5094330281153145
core_cpi,first_release,2016Q4,2017Q1,4,1.7476943345261342
core_cpi,first_release,2017Q1,2017Q2,1,0.5604960750616339
core_cpi,first_release,2017Q1,2017Q2,2,1.1305765746763674
core_cpi,first_release,2017Q1,2017Q2,4,1.8959600149864475
core_cpi,first_release,2017Q2,2017Q3,1,1.700657074291101
core_cpi,first_release,2017Q2,2017Q3,2,1.9859556409369539
core_cpi,first_release,2017Q2,2017Q3,4,2.2027375344583877
core_cpi,first_release,2017Q3,2017Q4,1,2.271254207582807
core_cpi,first_release,2017Q3,2017Q4,2,2.6613434552965276
core_cpi,first_release,2017Q3,2017Q4,4,2.2832871666355556
core_cpi,first_release,2017Q4,2018Q1,1,3.0514327030102484
core_cpi,first_release,2017Q4,2018Q1,2,2.4195194279798216
core_cpi,first_release,2017Q4,2018Q1,4,2.2274199602388576
core_cpi,first_release,2018Q1,2018Q2,1,1.7876061529493947
core_cpi,first_release,2018Q1,2018Q2,2,1.9052308779745841
core_cpi,first_release,2018Q1,2018Q2,4,2.042889015247451
core_cpi,first_release,2018Q2,2018Q3,1,2.0228556029997735
core_cpi,first_release,2018Q2,2018Q3,2,2.035320492497894
core_cpi,first_release,2018Q2,2018Q3,4,2.0467258113052225
core_cpi,first_release,2018Q3,2018Q4,1,2.0477853819960146
core_cpi,first_release,2018Q3,2018Q4,2,2.180547152520318
core_cpi,first_release,2018Q3,2018Q4,4,2.291656062528297
core_cpi,first_release,2018Q4,2019Q1,1,2.3133089230446213
core_cpi,first_release,2018Q4,2019Q1,2,2.0581311301125504
core_cpi,first_release,2018Q4,2019Q1,4,2.306661245164948
core_cpi,first_release,2019Q1,2019Q2,1,1.8029533371804796
core_cpi,first_release,2019Q1,2019Q2,2,2.4027649725362754
core_cpi,first_release,2019Q1,2019Q2,4,2.2415461843238784
core_cpi,first_release,2019Q2,2019Q3,1,3.0025766078920713
core_cpi,first_release,2019Q2,2019Q3,2,2.555191360217346
core_cpi,first_release,2019Q2,2019Q3,4,1.3891689165993122
core_cpi,first_release,2019Q3,2019Q4,1,2.1078061125426206
core_cpi,first_release,2019Q3,2019Q4,2,2.080327396111481
core_cpi,first_release,2019Q3,2019Q4,4,1.7374727334066948
core_cpi,first_release,2019Q4,2020Q1,1,2.0528486796803413
core_cpi,first_release,2019Q4,2020Q1,2,0.2231464729812782
core_cpi,first_release,2019Q4,2020Q1,4,1.6570622962087362
core_cpi,first_release,2020Q1,2020Q2,1,-1.606555733717785
core_cpi,first_release,2020Q1,2020Q2,2,1.3946180707019085
core_cpi,first_release,2020Q1,2020Q2,4,1.4879025008455586
core_cpi,first_release,2020Q2,2020Q3,1,4.395791875121602
core_cpi,first_release,2020Q2,2020Q3,2,3.090978119436194
core_cpi,first_release,2020Q2,2020Q3,4,3.922802475155013
core_cpi,first_release,2020Q3,2020Q4,1,1.7861643637507862
core_cpi,first_release,2020Q3,2020Q4,2,1.581186930989209
core_cpi,first_release,2020Q3,2020Q4,4,4.161075290021038
core_cpi,first_release,2020Q4,2021Q1,1,1.3762094982276318
core_cpi,first_release,2020Q4,2021Q1,2,4.754626830873832
core_cpi,first_release,2020Q4,2021Q1,4,5.083113173272091
core_cpi,first_release,2021Q1,2021Q2,1,8.133044163520031
core_cpi,first_release,2021Q1,2021Q2,2,6.740963649052867
core_cpi,first_release,2021Q1,2021Q2,4,6.357777932771241
core_cpi,first_release,2021Q2,2021Q3,1,5.348883134585702
core_cpi,first_release,2021Q2,2021Q3,2,5.411599515670352
core_cpi,first_release,2021Q2,2021Q3,4,5.983750822058271
core_cpi,first_release,2021Q3,2021Q4,1,5.474315896755
core_cpi,first_release,2021Q3,2021Q4,2,5.974592216489616
core_cpi,first_release,2021Q3,2021Q4,4,6.255875226281171
core_cpi,first_release,2021Q4,2022Q1,1,6.474868536224232
core_cpi,first_release,2021Q4,2022Q1,2,6.555902128446189
core_cpi,first_release,2021Q4,2022Q1,4,5.985435810890077
core_cpi,first_release,2022Q1,2022Q2,1,6.636935720668147
core_cpi,first_release,2022Q1,2022Q2,2,6.5371582360727265
core_cpi,first_release,2022Q1,2022Q2,4,5.499351134449999
core_cpi,first_release,2022Q2,2022Q3,1,6.437380751477306
core_cpi,first_release,2022Q2,2022Q3,2,5.414969493333965
core_cpi,first_release,2022Q2,2022Q3,4,5.023940247023839
core_cpi,first_release,2022Q3,2022Q4,1,4.3925582351906245
core_cpi,first_release,2022Q3,2022Q4,2,4.46154403282727
core_cpi,first_release,2022Q3,2022Q4,4,4.126704500607997
core_cpi,first_release,2022Q4,2023Q1,1,4.530529830463914
core_cpi,first_release,2022Q4,2023Q1,2,4.6329110007137135
core_cpi,first_release,2022Q4,2023Q1,4,3.8686538827733266
core_cpi,first_release,2023Q1,2023Q2,1,4.735292170963512
core_cpi,first_release,2023Q1,2023Q2,2,3.791864968388725
core_cpi,first_release,2023Q1,2023Q2,4,3.808554078313464
core_cpi,first_release,2023Q2,2023Q3,1,2.848437765813938
core_cpi,first_release,2023Q2,2023Q3,2,3.1043967648329396
core_cpi,first_release,2023Q2,2023Q3,4,3.416367892220379
core_cpi,first_release,2023Q3,2023Q4,1,3.360355763851941
core_cpi,first_release,2023Q3,2023Q4,2,3.825243188238203
core_cpi,first_release,2023Q3,2023Q4,4,3.2642956167977353
core_cpi,first_release,2023Q4,2024Q1,1,4.290130612624465
core_cpi,first_release,2023Q4,2024Q1,2,3.728339019607818
core_cpi,first_release,2023Q4,2024Q1,4,3.3005086754711197
core_cpi,first_release,2024Q1,2024Q2,1,3.166547426591171
core_cpi,first_release,2024Q1,2024Q2,2,2.703348045357268
core_cpi,first_release,2024Q1,2024Q2,4,3.1105111602875435
core_cpi,first_release,2024Q2,2024Q3,1,2.2401486641233648
core_cpi,first_release,2024Q2,2024Q3,2,2.8726783313344217
core_cpi,first_release,2024Q2,2024Q3,4,2.8363349018103055
core_cpi,first_release,2024Q3,2024Q4,1,3.5052079985454787
core_cpi,first_release,2024Q3,2024Q4,2,3.517674275217819
core_cpi,first_release,2024Q3,2024Q4,4,3.1131069552615354
core_cpi,first_release,2024Q4,2025Q1,1,3.5301405518901596
core_cpi,first_release,2024Q4,2025Q1,2,2.7999914722861896
core_cpi,first_release,2024Q4,2025Q1,4,2.7469590645664512
core_cpi,first_release,2025Q1,2025Q2,1,2.0698423926822196
core_cpi,first_release,2025Q1,2025Q2,2,2.7085396353052515
core_cpi,first_release,2025Q1,2025Q2,4,2.373367208969146
core_cpi,first_release,2025Q2,2025Q3,1,3.3472368779282835
core_cpi,first_release,2025Q2,2025Q3,2,2.6939266568467124
core_cpi,first_release,2025Q2,2025Q3,4,2.577139720669969
core_cpi,first_release,2025Q3,2025Q4,1,2.0406164357651413
core_cpi,first_release,2025Q3,2025Q4,2,2.0381947826330404
core_cpi,first_release,2025Q4,2026Q1,1,2.0357731295009396
core_cpi,first_release,2025Q4,2026Q1,2,2.460352784493225
core_cpi,first_release,2026Q1,2026Q2,1,2.8849324394855103
core_cpi,most_recent_release,1998Q4,1999Q1,1,1.7652901655226705
core_cpi,most_recent_release,1998Q4,1999Q1,2,1.8383527805959199
core_cpi,most_recent_release,1998Q4,1999Q1,4,2.020765292876453
core_cpi,most_recent_release,1999Q1,1999Q2,1,1.9114153956691693
core_cpi,most_recent_release,1999Q1,1999Q2,2,2.021923904431089
core_cpi,most_recent_release,1999Q1,1999Q2,4,2.2398415971725596
core_cpi,most_recent_release,1999Q2,1999Q3,1,2.1324324131930084
core_cpi,most_recent_release,1999Q2,1999Q3,2,2.203177805156986
core_cpi,most_recent_release,1999Q2,1999Q3,4,2.399133785008117
core_cpi,most_recent_release,1999Q3,1999Q4,1,2.273923197120964
core_cpi,most_recent_release,1999Q3,1999Q4,2,2.45775928991403
core_cpi,most_recent_release,1999Q3,1999Q4,4,2.536753972511052
core_cpi,most_recent_release,1999Q4,2000Q1,1,2.641595382707096
core_cpi,most_recent_release,1999Q4,2000Q1,2,2.5950897648592486
core_cpi,most_recent_release,1999Q4,2000Q1,4,2.578507286553089
core_cpi,most_recent_release,2000Q1,2000Q2,1,2.5485841470114012
core_cpi,most_recent_release,2000Q1,2000Q2,2,2.6157486551080744
core_cpi,most_recent_release,2000Q1,2000Q2,4,2.6547109758114695
core_cpi,most_recent_release,2000Q2,2000Q3,1,2.6829131632047476
core_cpi,most_recent_release,2000Q2,2000Q3,2,2.5619248082469293
core_cpi,most_recent_release,2000Q2,2000Q3,4,2.6380850195213026
core_cpi,most_recent_release,2000Q3,2000Q4,1,2.440936453289111
core_cpi,most_recent_release,2000Q3,2000Q4,2,2.6936732965148646
core_cpi,most_recent_release,2000Q3,2000Q4,4,2.6573481682853393
core_cpi,most_recent_release,2000Q4,2001Q1,1,2.9464101397406184
core_cpi,most_recent_release,2000Q4,2001Q1,2,2.7142452307956755
core_cpi,most_recent_release,2000Q4,2001Q1,4,2.7141676989215044
core_cpi,most_recent_release,2001Q1,2001Q2,1,2.4820803218507326
core_cpi,most_recent_release,2001Q1,2001Q2,2,2.6210230400558143
core_cpi,most_recent_release,2001Q1,2001Q2,4,2.531863325020339
core_cpi,most_recent_release,2001Q2,2001Q3,1,2.759965758260896
core_cpi,most_recent_release,2001Q2,2001Q3,2,2.714090167047334
core_cpi,most_recent_release,2001Q2,2001Q3,4,2.426737373014054
core_cpi,most_recent_release,2001Q3,2001Q4,1,2.6682145758337716
core_cpi,most_recent_release,2001Q3,2001Q4,2,2.4427036099848642
core_cpi,most_recent_release,2001Q3,2001Q4,4,2.2673280904318416
core_cpi,most_recent_release,2001Q4,2002Q1,1,2.217192644135957
core_cpi,most_recent_release,2001Q4,2002Q1,2,2.139384578980774
core_cpi,most_recent_release,2001Q4,2002Q1,4,2.0571988267629404
core_cpi,most_recent_release,2002Q1,2002Q2,1,2.0615765138255915
core_cpi,most_recent_release,2002Q1,2002Q2,2,2.091952570878819
core_cpi,most_recent_release,2002Q1,2002Q2,4,1.8346841128453362
core_cpi,most_recent_release,2002Q2,2002Q3,1,2.1223286279320464
core_cpi,most_recent_release,2002Q2,2002Q3,2,1.9750130745451067
core_cpi,most_recent_release,2002Q2,2002Q3,4,1.4929319424608511
core_cpi,most_recent_release,2002Q3,2002Q4,1,1.827697521158167
core_cpi,most_recent_release,2002Q3,2002Q4,2,1.5774156548118534
core_cpi,most_recent_release,2002Q3,2002Q4,4,1.362377488719524
core_cpi,most_recent_release,2002Q4,2003Q1,1,1.3271337884655399
core_cpi,most_recent_release,2002Q4,2003Q1,2,1.0108508103765956
core_cpi,most_recent_release,2002Q4,2003Q1,4,1.164768571179886
core_cpi,most_recent_release,2003Q1,2003Q2,1,0.6945678322876514
core_cpi,most_recent_release,2003Q1,2003Q2,2,1.1473393226271944
core_cpi,most_recent_release,2003Q1,2003Q2,4,1.31740430918037
core_cpi,most_recent_release,2003Q2,2003Q3,1,1.6001108129667374
core_cpi,most_recent_release,2003Q2,2003Q3,2,1.3186863319831765
core_cpi,most_recent_release,2003Q2,2003Q3,4,1.782267918739494
core_cpi,most_recent_release,2003Q3,2003Q4,1,1.0372618509996157
core_cpi,most_recent_release,2003Q3,2003Q4,2,1.4874692957335456
core_cpi,most_recent_release,2003Q3,2003Q4,4,1.8096183214078687
core_cpi,most_recent_release,2003Q4,2004Q1,1,1.9376767404674755
core_cpi,most_recent_release,2003Q4,2004Q1,2,2.2458495054958116
core_cpi,most_recent_release,2003Q4,2004Q1,4,2.164815883401089
core_cpi,most_recent_release,2004Q1,2004Q2,1,2.5540222705241478
core_cpi,most_recent_release,2004Q1,2004Q2,2,2.131767347082192
core_cpi,most_recent_release,2004Q1,2004Q2,4,2.3082828964853865
core_cpi,most_recent_release,2004Q2,2004Q3,1,1.709512423640236
core_cpi,most_recent_release,2004Q2,2004Q3,2,2.083782261306366
core_cpi,most_recent_release,2004Q2,2004Q3,4,2.1409078222811404
core_cpi,most_recent_release,2004Q3,2004Q4,1,2.4580520989724963
core_cpi,most_recent_release,2004Q3,2004Q4,2,2.484798445888581
core_cpi,most_recent_release,2004Q3,2004Q4,4,2.0478081023120542
core_cpi,most_recent_release,2004Q4,2005Q1,1,2.5115447928046652
core_cpi,most_recent_release,2004Q4,2005Q1,2,2.198033383255915
core_cpi,most_recent_release,2004Q4,2005Q1,4,2.1029386613986176
core_cpi,most_recent_release,2005Q1,2005Q2,1,1.884521973707165
core_cpi,most_recent_release,2005Q1,2005Q2,2,1.6108177587355277
core_cpi,most_recent_release,2005Q1,2005Q2,4,2.1066669392433566
core_cpi,most_recent_release,2005Q2,2005Q3,1,1.3371135437638904
core_cpi,most_recent_release,2005Q2,2005Q3,2,2.0078439395413206
core_cpi,most_recent_release,2005Q2,2005Q3,4,2.4638292479940205
core_cpi,most_recent_release,2005Q3,2005Q4,1,2.6785743353187508
core_cpi,most_recent_release,2005Q3,2005Q4,2,2.602516119751186
core_cpi,most_recent_release,2005Q3,2005Q4,4,2.818263205090693
core_cpi,most_recent_release,2005Q4,2006Q1,1,2.526457904183621
core_cpi,most_recent_release,2005Q4,2006Q1,2,2.9198145564467204
core_cpi,most_recent_release,2005Q4,2006Q1,4,2.6685074386254284
core_cpi,most_recent_release,2006Q1,2006Q2,1,3.3131712087098197
core_cpi,most_recent_release,2006Q1,2006Q2,2,3.0340102904302
core_cpi,most_recent_release,2006Q1,2006Q2,4,2.6279452228511078
core_cpi,most_recent_release,2006Q2,2006Q3,1,2.7548493721505807
core_cpi,most_recent_release,2006Q2,2006Q3,2,2.417200320804136
core_cpi,most_recent_release,2006Q2,2006Q3,4,2.28856710750725
core_cpi,most_recent_release,2006Q3,2006Q4,1,2.079551269457691
core_cpi,most_recent_release,2006Q3,2006Q4,2,2.2218801552720158
core_cpi,most_recent_release,2006Q3,2006Q4,4,2.1194141885373052
core_cpi,most_recent_release,2006Q4,2007Q1,1,2.3642090410863403
core_cpi,most_recent_release,2006Q4,2007Q1,2,2.159933894210364
core_cpi,most_recent_release,2006Q4,2007Q1,4,2.310923216824623
core_cpi,most_recent_release,2007Q1,2007Q2,1,1.9556587473343878
core_cpi,most_recent_release,2007Q1,2007Q2,2,2.0169482218025947
core_cpi,most_recent_release,2007Q1,2007Q2,4,2.3888045585005346
core_cpi,most_recent_release,2007Q2,2007Q3,1,2.0782376962708016
core_cpi,most_recent_release,2007Q2,2007Q3,2,2.461912539438882
core_cpi,most_recent_release,2007Q2,2007Q3,4,2.3372212423310335
core_cpi,most_recent_release,2007Q3,2007Q4,1,2.845587382606962
core_cpi,most_recent_release,2007Q3,2007Q4,2,2.7606608951984746
core_cpi,most_recent_release,2007Q3,2007Q4,4,2.467554292950119
core_cpi,most_recent_release,2007Q4,2008Q1,1,2.675734407789987
core_cpi,most_recent_release,2007Q4,2008Q1,2,2.212529945223185
core_cpi,most_recent_release,2007Q4,2008Q1,4,2.0018757598726844
core_cpi,most_recent_release,2008Q1,2008Q2,1,1.749325482656383
core_cpi,most_recent_release,2008Q1,2008Q2,2,2.174447690701764
core_cpi,most_recent_release,2008Q1,2008Q2,4,1.7553171081834074
core_cpi,most_recent_release,2008Q2,2008Q3,1,2.599569898747145
core_cpi,most_recent_release,2008Q2,2008Q3,2,1.7912215745221838
core_cpi,most_recent_release,2008Q2,2008Q3,4,1.8316954934449015
core_cpi,most_recent_release,2008Q3,2008Q4,1,0.9828732502972226
core_cpi,most_recent_release,2008Q3,2008Q4,2,1.3361865256650507
core_cpi,most_recent_release,2008Q3,2008Q4,4,1.4811324277281213
core_cpi,most_recent_release,2008Q4,2009Q1,1,1.6894998010328788
core_cpi,most_recent_release,2008Q4,2009Q1,2,1.8721694123676191
core_cpi,most_recent_release,2008Q4,2009Q1,4,1.7508313315969748
core_cpi,most_recent_release,2009Q1,2009Q2,1,2.0548390237023595
core_cpi,most_recent_release,2009Q1,2009Q2,2,1.6260783297911918
core_cpi,most_recent_release,2009Q1,2009Q2,4,1.3434196254963726
core_cpi,most_recent_release,2009Q2,2009Q3,1,1.1973176358800242
core_cpi,most_recent_release,2009Q2,2009Q3,2,1.6294932508263305
core_cpi,most_recent_release,2009Q2,2009Q3,4,0.9554518676123391
core_cpi,most_recent_release,2009Q3,2009Q4,1,2.0616688657726367
core_cpi,most_recent_release,2009Q3,2009Q4,2,1.0607609212015534
core_cpi,most_recent_release,2009Q3,2009Q4,4,0.899088242572349
core_cpi,most_recent_release,2009Q4,2010Q1,1,0.05985297663047007
core_cpi,most_recent_release,2009Q4,2010Q1,2,0.2814104843983478
core_cpi,most_recent_release,2009Q4,2010Q1,4,0.6463692254594366
core_cpi,most_recent_release,2010Q1,2010Q2,1,0.5029679921662256
core_cpi,most_recent_release,2010Q1,2010Q2,2,0.7374155639431446
core_cpi,most_recent_release,2010Q1,2010Q2,4,1.1072085139876842
core_cpi,most_recent_release,2010Q2,2010Q3,1,0.9718631357200636
core_cpi,most_recent_release,2010Q2,2010Q3,2,1.0113279665205255
core_cpi,most_recent_release,2010Q2,2010Q3,4,1.4521394197566095
core_cpi,most_recent_release,2010Q3,2010Q4,1,1.0507927973209874
core_cpi,most_recent_release,2010Q3,2010Q4,2,1.4770014640322238
core_cpi,most_recent_release,2010Q3,2010Q4,4,1.8999844134161115
core_cpi,most_recent_release,2010Q4,2011Q1,1,1.9032101307434601
core_cpi,most_recent_release,2010Q4,2011Q1,2,1.8929508729926936
core_cpi,most_recent_release,2010Q4,2011Q1,4,2.174932577561439
core_cpi,most_recent_release,2011Q1,2011Q2,1,1.882691615241927
core_cpi,most_recent_release,2011Q1,2011Q2,2,2.322967362799999
core_cpi,most_recent_release,2011Q1,2011Q2,4,2.228980321850255
core_cpi,most_recent_release,2011Q2,2011Q3,1,2.7632431103580712
core_cpi,most_recent_release,2011Q2,2011Q3,2,2.456914282130185
core_cpi,most_recent_release,2011Q2,2011Q3,4,2.253333372567201
core_cpi,most_recent_release,2011Q3,2011Q4,1,2.1505854539022984
core_cpi,most_recent_release,2011Q3,2011Q4,2,2.13499328090051
core_cpi,most_recent_release,2011Q3,2011Q4,4,2.0178001775867207
core_cpi,most_recent_release,2011Q4,2012Q1,1,2.119401107898722
core_cpi,most_recent_release,2011Q4,2012Q1,2,2.0497524630042174
core_cpi,most_recent_release,2011Q4,2012Q1,4,1.9490666113478938
core_cpi,most_recent_release,2012Q1,2012Q2,1,1.980103818109713
core_cpi,most_recent_release,2012Q1,2012Q2,2,1.9006070742729309
core_cpi,most_recent_release,2012Q1,2012Q2,4,1.929207778187081
core_cpi,most_recent_release,2012Q2,2012Q3,1,1.8211103304361487
core_cpi,most_recent_release,2012Q2,2012Q3,2,1.8483807596915702
core_cpi,most_recent_release,2012Q2,2012Q3,4,1.662310936028405
core_cpi,most_recent_release,2012Q3,2012Q4,1,1.8756511889469918
core_cpi,most_recent_release,2012Q3,2012Q4,2,1.957808482101231
core_cpi,most_recent_release,2012Q3,2012Q4,4,1.7459591262208474
core_cpi,most_recent_release,2012Q4,2013Q1,1,2.03996577525547
core_cpi,most_recent_release,2012Q4,2013Q1,2,1.4762411123652397
core_cpi,most_recent_release,2012Q4,2013Q1,4,1.724303728793819
core_cpi,most_recent_release,2013Q1,2013Q2,1,0.9125164494750093
core_cpi,most_recent_release,2013Q1,2013Q2,2,1.5341097703404638
core_cpi,most_recent_release,2013Q1,2013Q2,4,1.6035060081268815
core_cpi,most_recent_release,2013Q2,2013Q3,1,2.1557030912059183
core_cpi,most_recent_release,2013Q2,2013Q3,2,1.9723663452223983
core_cpi,most_recent_release,2013Q2,2013Q3,4,1.8967825444477615
core_cpi,most_recent_release,2013Q3,2013Q4,1,1.7890295992388783
core_cpi,most_recent_release,2013Q3,2013Q4,2,1.6729022459132992
core_cpi,most_recent_release,2013Q3,2013Q4,4,1.7742238140340372
core_cpi,most_recent_release,2013Q4,2014Q1,1,1.55677489258772
core_cpi,most_recent_release,2013Q4,2014Q1,2,1.8211987436731247
core_cpi,most_recent_release,2013Q4,2014Q1,4,1.7273195885420478
core_cpi,most_recent_release,2014Q1,2014Q2,1,2.0856225947585294
core_cpi,most_recent_release,2014Q1,2014Q2,2,1.8755453821547752
core_cpi,most_recent_release,2014Q1,2014Q2,4,1.6887314607940795
core_cpi,most_recent_release,2014Q2,2014Q3,1,1.665468169551021
core_cpi,most_recent_release,2014Q2,2014Q3,2,1.633440433410971
core_cpi,most_recent_release,2014Q2,2014Q3,4,1.777770740908985
core_cpi,most_recent_release,2014Q3,2014Q4,1,1.6014126972709208
core_cpi,most_recent_release,2014Q3,2014Q4,2,1.501917539433384
core_cpi,most_recent_release,2014Q3,2014Q4,4,1.8615944828366815
core_cpi,most_recent_release,2014Q4,2015Q1,1,1.402422381595847
core_cpi,most_recent_release,2014Q4,2015Q1,2,1.922101048406999
core_cpi,most_recent_release,2014Q4,2015Q1,4,1.9948964603014818
core_cpi,most_recent_release,2015Q1,2015Q2,1,2.441779715218151
core_cpi,most_recent_release,2015Q1,2015Q2,2,2.221271426239979
core_cpi,most_recent_release,2015Q1,2015Q2,4,2.170119599833548
core_cpi,most_recent_release,2015Q2,2015Q3,1,2.0007631372618073
core_cpi,most_recent_release,2015Q2,2015Q3,2,2.0676918721959647
core_cpi,most_recent_release,2015Q2,2015Q3,4,2.2248405257320467
core_cpi,most_recent_release,2015Q3,2015Q4,1,2.134620607130122
core_cpi,most_recent_release,2015Q3,2015Q4,2,2.118967773427116
core_cpi,most_recent_release,2015Q3,2015Q4,4,2.2503104606395596
core_cpi,most_recent_release,2015Q4,2016Q1,1,2.10331493972411
core_cpi,most_recent_release,2015Q4,2016Q1,2,2.381989179268129
core_cpi,most_recent_release,2015Q4,2016Q1,4,2.182768692770365
core_cpi,most_recent_release,2016Q1,2016Q2,1,2.660663418812148
core_cpi,most_recent_release,2016Q1,2016Q2,2,2.381653147852003
core_cpi,most_recent_release,2016Q1,2016Q2,4,2.177421882198588
core_cpi,most_recent_release,2016Q2,2016Q3,1,2.102642876891858
core_cpi,most_recent_release,2016Q2,2016Q3,2,1.9835482062726006
core_cpi,most_recent_release,2016Q2,2016Q3,4,1.7783238532525503
core_cpi,most_recent_release,2016Q3,2016Q4,1,1.8644535356533432
core_cpi,most_recent_release,2016Q3,2016Q4,2,1.973190616545173
core_cpi,most_recent_release,2016Q3,2016Q4,4,1.6431826032620278
core_cpi,most_recent_release,2016Q4,2017Q1,1,2.0819276974370027
core_cpi,most_recent_release,2016Q4,2017Q1,2,1.5730995002325
core_cpi,most_recent_release,2016Q4,2017Q1,4,1.7569573751018752
core_cpi,most_recent_release,2017Q1,2017Q2,1,1.064271303027997
core_cpi,most_recent_release,2017Q1,2017Q2,2,1.3131745899788827
core_cpi,most_recent_release,2017Q1,2017Q2,4,1.9664193283867426
core_cpi,most_recent_release,2017Q2,2017Q3,1,1.5620778769297683
core_cpi,most_recent_release,2017Q2,2017Q3,2,1.9408152499712505
core_cpi,most_recent_release,2017Q2,2017Q3,4,2.224240242395037
core_cpi,most_recent_release,2017Q3,2017Q4,1,2.319552623012733
core_cpi,most_recent_release,2017Q3,2017Q4,2,2.6196640667946025
core_cpi,most_recent_release,2017Q3,2017Q4,4,2.196687720407003
core_cpi,most_recent_release,2017Q4,2018Q1,1,2.919775510576472
core_cpi,most_recent_release,2017Q4,2018Q1,2,2.5076652348188233
core_cpi,most_recent_release,2017Q4,2018Q1,4,2.198192750565986
core_cpi,most_recent_release,2018Q1,2018Q2,1,2.0955549590611744
core_cpi,most_recent_release,2018Q1,2018Q2,2,1.7737113740194044
core_cpi,most_recent_release,2018Q1,2018Q2,4,2.1298904897850965
core_cpi,most_recent_release,2018Q2,2018Q3,1,1.4518677889776344
core_cpi,most_recent_release,2018Q2,2018Q3,2,1.8887202663131486
core_cpi,most_recent_release,2018Q2,2018Q3,4,2.0471745734422786
core_cpi,most_recent_release,2018Q3,2018Q4,1,2.325572743648663
core_cpi,most_recent_release,2018Q3,2018Q4,2,2.486069605550789
core_cpi,most_recent_release,2018Q3,2018Q4,4,2.2728562175804434
core_cpi,most_recent_release,2018Q4,2019Q1,1,2.6465664674529155
core_cpi,most_recent_release,2018Q4,2019Q1,2,2.2056288805714086
core_cpi,most_recent_release,2018Q4,2019Q1,4,2.3282492490830533
core_cpi,most_recent_release,2019Q1,2019Q2,1,1.7646912936899017
core_cpi,most_recent_release,2019Q1,2019Q2,2,2.0596428296100977
core_cpi,most_recent_release,2019Q1,2019Q2,4,2.249385285354072
core_cpi,most_recent_release,2019Q2,2019Q3,1,2.3545943655302937
core_cpi,most_recent_release,2019Q2,2019Q3,2,2.4508696175946976
core_cpi,most_recent_release,2019Q2,2019Q3,4,1.296301554571272
core_cpi,most_recent_release,2019Q3,2019Q4,1,2.5471448696591015
core_cpi,most_recent_release,2019Q3,2019Q4,2,2.439127741098046
core_cpi,most_recent_release,2019Q3,2019Q4,4,1.692634659302672
core_cpi,most_recent_release,2019Q4,2020Q1,1,2.3311106125369907
core_cpi,most_recent_release,2019Q4,2020Q1,2,0.1417334915478463
core_cpi,most_recent_release,2019Q4,2020Q1,4,1.6682910235654158
core_cpi,most_recent_release,2020Q1,2020Q2,1,-2.047643629441298
core_cpi,most_recent_release,2020Q1,2020Q2,2,0.9461415775072979
core_cpi,most_recent_release,2020Q1,2020Q2,4,1.4594925757762334
core_cpi,most_recent_release,2020Q2,2020Q3,1,3.939926784455894
core_cpi,most_recent_release,2020Q2,2020Q3,2,3.1948485555829853
core_cpi,most_recent_release,2020Q2,2020Q3,4,3.756971719833918
core_cpi,most_recent_release,2020Q3,2020Q4,1,2.4497703267100768
core_cpi,most_recent_release,2020Q3,2020Q4,2,1.9728435740451689
core_cpi,most_recent_release,2020Q3,2020Q4,4,4.074797443279471
core_cpi,most_recent_release,2020Q4,2021Q1,1,1.495916821380261
core_cpi,most_recent_release,2020Q4,2021Q1,2,4.319094884084851
core_cpi,most_recent_release,2020Q4,2021Q1,4,5.040288356286715
core_cpi,most_recent_release,2021Q1,2021Q2,1,7.142272946789441
core_cpi,most_recent_release,2021Q1,2021Q2,2,6.1767513125137725
core_cpi,most_recent_release,2021Q1,2021Q2,4,6.3332481550888495
core_cpi,most_recent_release,2021Q2,2021Q3,1,5.211229678238105
core_cpi,most_recent_release,2021Q2,2021Q3,2,5.761481828488579
core_cpi,most_recent_release,2021Q2,2021Q3,4,6.030941054039996
core_cpi,most_recent_release,2021Q3,2021Q4,1,6.311733978739054
core_cpi,most_recent_release,2021Q3,2021Q4,2,6.4897449976639265
core_cpi,most_recent_release,2021Q3,2021Q4,4,6.270880841821225
core_cpi,most_recent_release,2021Q4,2022Q1,1,6.6677560165887995
core_cpi,most_recent_release,2021Q4,2022Q1,2,6.300400279591411
core_cpi,most_recent_release,2021Q4,2022Q1,4,5.983604775780815
core_cpi,most_recent_release,2022Q1,2022Q2,1,5.933044542594024
core_cpi,most_recent_release,2022Q1,2022Q2,2,6.052016685978523
core_cpi,most_recent_release,2022Q1,2022Q2,4,5.53620627874724
core_cpi,most_recent_release,2022Q2,2022Q3,1,6.170988829363022
core_cpi,most_recent_release,2022Q2,2022Q3,2,5.666809271970219
core_cpi,most_recent_release,2022Q2,2022Q3,4,5.235306343500646
core_cpi,most_recent_release,2022Q3,2022Q4,1,5.162629714577416
core_cpi,most_recent_release,2022Q3,2022Q4,2,5.020395871515959
core_cpi,most_recent_release,2022Q3,2022Q4,4,4.412503953701291
core_cpi,most_recent_release,2022Q4,2023Q1,1,4.878162028454502
core_cpi,most_recent_release,2022Q4,2023Q1,2,4.803803415031071
core_cpi,most_recent_release,2022Q4,2023Q1,4,3.990232758444623
core_cpi,most_recent_release,2023Q1,2023Q2,1,4.729444801607641
core_cpi,most_recent_release,2023Q1,2023Q2,2,3.804612035886623
core_cpi,most_recent_release,2023Q1,2023Q2,4,3.814456517676279
core_cpi,most_recent_release,2023Q2,2023Q3,1,2.8797792701656055
core_cpi,most_recent_release,2023Q2,2023Q3,2,3.176662101858174
core_cpi,most_recent_release,2023Q2,2023Q3,4,3.429374683522135
core_cpi,most_recent_release,2023Q3,2023Q4,1,3.473544933550743
core_cpi,most_recent_release,2023Q3,2023Q4,2,3.824300999465935
core_cpi,most_recent_release,2023Q3,2023Q4,4,3.268273378623743
core_cpi,most_recent_release,2023Q4,2024Q1,1,4.175057065381127
core_cpi,most_recent_release,2023Q4,2024Q1,2,3.682087265186096
core_cpi,most_recent_release,2023Q4,2024Q1,4,3.2682603111539366
core_cpi,most_recent_release,2024Q1,2024Q2,1,3.1891174649910647
core_cpi,most_recent_release,2024Q1,2024Q2,2,2.7122457577815506
core_cpi,most_recent_release,2024Q1,2024Q2,4,3.0770125919423688
core_cpi,most_recent_release,2024Q2,2024Q3,1,2.2353740505720365
core_cpi,most_recent_release,2024Q2,2024Q3,2,2.8544333571217773
core_cpi,most_recent_release,2024Q2,2024Q3,4,2.819504940175921
core_cpi,most_recent_release,2024Q3,2024Q4,1,3.473492663671518
core_cpi,most_recent_release,2024Q3,2024Q4,2,3.4417794261031864
core_cpi,most_recent_release,2024Q3,2024Q4,4,3.063406082377768
core_cpi,most_recent_release,2024Q4,2025Q1,1,3.410066188534855
core_cpi,most_recent_release,2024Q4,2025Q1,2,2.7845765232300645
core_cpi,most_recent_release,2024Q4,2025Q1,4,2.6801816831300393
core_cpi,most_recent_release,2025Q1,2025Q2,1,2.159086857925274
core_cpi,most_recent_release,2025Q1,2025Q2,2,2.6850327386523487
core_cpi,most_recent_release,2025Q1,2025Q2,4,2.3366084183715383
core_cpi,most_recent_release,2025Q2,2025Q3,1,3.210978619379423
core_cpi,most_recent_release,2025Q2,2025Q3,2,2.5757868430300146
core_cpi,most_recent_release,2025Q2,2025Q3,4,2.5180698137616195
core_cpi,most_recent_release,2025Q3,2025Q4,1,1.940595066680606
core_cpi,most_recent_release,2025Q3,2025Q4,2,1.9881840980907284
core_cpi,most_recent_release,2025Q4,2026Q1,1,2.0357731295008508
core_cpi,most_recent_release,2025Q4,2026Q1,2,2.460352784493225
core_cpi,most_recent_release,2026Q1,2026Q2,1,2.884932439485599
headline_cpi,first_release,1998Q4,1999Q1,1,1.469630617101969
headline_cpi,first_release,1998Q4,1999Q1,2,2.49748775383396
headline_cpi,first_release,1998Q4,1999Q1,4,2.6219130750753274
headline_cpi,first_release,1999Q1,1999Q2,1,3.5253448905659512
headline_cpi,first_release,1999Q1,1999Q2,2,3.058672197697443
headline_cpi,first_release,1999Q1,1999Q2,4,3.238228937411358
headline_cpi,first_release,1999Q2,1999Q3,1,2.5919995048289346
headline_cpi,first_release,1999Q2,1999Q3,2,2.7463383963166943
headline_cpi,first_release,1999Q2,1999Q3,4,3.250460835213298
headline_cpi,first_release,1999Q3,1999Q4,1,2.900677287804454
headline_cpi,first_release,1999Q3,1999Q4,2,3.4177856771252735
headline_cpi,first_release,1999Q3,1999Q4,4,3.3884638359250596
headline_cpi,first_release,1999Q4,2000Q1,1,3.934894066446093
headline_cpi,first_release,1999Q4,2000Q1,2,3.7545832741099017
headline_cpi,first_release,1999Q4,2000Q1,4,3.34438074417136
headline_cpi,first_release,2000Q1,2000Q2,1,3.5742724817737104
headline_cpi,first_release,2000Q1,2000Q2,2,3.3591419947248458
headline_cpi,first_release,2000Q1,2000Q2,4,3.389857401518581
headline_cpi,first_release,2000Q2,2000Q3,1,3.144011507675981
headline_cpi,first_release,2000Q2,2000Q3,2,2.9341782142328188
headline_cpi,first_release,2000Q2,2000Q3,4,3.2622296389664127
headline_cpi,first_release,2000Q3,2000Q4,1,2.7243449207896564
headline_cpi,first_release,2000Q3,2000Q4,2,3.4205728083123166
headline_cpi,first_release,2000Q3,2000Q4,4,2.6457671405249905
headline_cpi,first_release,2000Q4,2001Q1,1,4.116800695834977
headline_cpi,first_release,2000Q4,2001Q1,2,3.590281063700007
headline_cpi,first_release,2000Q4,2001Q1,4,1.8523216961478073
headline_cpi,first_release,2001Q1,2001Q2,1,3.0637614315650374
headline_cpi,first_release,2001Q1,2001Q2,2,1.8709614727376644
headline_cpi,first_release,2001Q1,2001Q2,4,1.1439042999315308
headline_cpi,first_release,2001Q2,2001Q3,1,0.6781615139102914
headline_cpi,first_release,2001Q2,2001Q3,2,0.11436232859560747
headline_cpi,first_release,2001Q2,2001Q3,4,1.2310517064819781
headline_cpi,first_release,2001Q3,2001Q4,1,-0.4494368567190765
headline_cpi,first_release,2001Q3,2001Q4,2,0.41684712712539707
headline_cpi,first_release,2001Q3,2001Q4,4,1.5288389371865163
headline_cpi,first_release,2001Q4,2002Q1,1,1.2831311109698706
headline_cpi,first_release,2001Q4,2002Q1,2,2.347741084368349
headline_cpi,first_release,2001Q4,2002Q1,4,2.2377398476890464
headline_cpi,first_release,2002Q1,2002Q2,1,3.412351057766827
headline_cpi,first_release,2002Q1,2002Q2,2,2.6408307472476356
headline_cpi,first_release,2002Q1,2002Q2,4,2.8481335983110423
headline_cpi,first_release,2002Q2,2002Q3,1,1.869310436728444
headline_cpi,first_release,2002Q2,2002Q3,2,2.127738611009744
headline_cpi,first_release,2002Q2,2002Q3,4,2.140978244117303
headline_cpi,first_release,2002Q3,2002Q4,1,2.386166785291044
headline_cpi,first_release,2002Q3,2002Q4,2,3.055436449374449
headline_cpi,first_release,2002Q3,2002Q4,4,2.260351475712169
headline_cpi,first_release,2002Q4,2003Q1,1,3.724706113457854
headline_cpi,first_release,2002Q4,2003Q1,2,2.154217877224862
headline_cpi,first_release,2002Q4,2003Q1,4,1.8813520360712266
headline_cpi,first_release,2003Q1,2003Q2,1,0.5837296409918702
headline_cpi,first_release,2003Q1,2003Q2,2,1.465266502049889
headline_cpi,first_release,2003Q1,2003Q2,4,1.8644456069404125
headline_cpi,first_release,2003Q2,2003Q3,1,2.3468033631079077
headline_cpi,first_release,2003Q2,2003Q3,2,1.608486194917591
headline_cpi,first_release,2003Q2,2003Q3,4,2.9010983870486173
headline_cpi,first_release,2003Q3,2003Q4,1,0.8701690267272744
headline_cpi,first_release,2003Q3,2003Q4,2,2.263624711830936
headline_cpi,first_release,2003Q3,2003Q4,4,2.777106067147722
headline_cpi,first_release,2003Q4,2004Q1,1,3.6570803969345977
headline_cpi,first_release,2003Q4,2004Q1,2,4.193710579179644
headline_cpi,first_release,2003Q4,2004Q1,4,3.414801189937378
headline_cpi,first_release,2004Q1,2004Q2,1,4.7303407614246895
headline_cpi,first_release,2004Q1,2004Q2,2,3.290587422464508
headline_cpi,first_release,2004Q1,2004Q2,4,3.0277649580165877
headline_cpi,first_release,2004Q2,2004Q3,1,1.8508340835043269
headline_cpi,first_release,2004Q2,2004Q3,2,2.6358918006951115
headline_cpi,first_release,2004Q2,2004Q3,4,2.884417762463798
headline_cpi,first_release,2004Q3,2004Q4,1,3.420949517885896
headline_cpi,first_release,2004Q3,2004Q4,2,2.7649424935686673
headline_cpi,first_release,2004Q3,2004Q4,4,3.698906309605065
headline_cpi,first_release,2004Q4,2005Q1,1,2.1089354692514384
headline_cpi,first_release,2004Q4,2005Q1,2,3.1329437242324842
headline_cpi,first_release,2004Q4,2005Q1,4,3.6502618100889728
headline_cpi,first_release,2005Q1,2005Q2,1,4.15695197921353
headline_cpi,first_release,2005Q1,2005Q2,2,4.632870125641464
headline_cpi,first_release,2005Q1,2005Q2,4,3.717080532269218
headline_cpi,first_release,2005Q2,2005Q3,1,5.108788272069398
headline_cpi,first_release,2005Q2,2005Q3,2,4.167579895945462
headline_cpi,first_release,2005Q2,2005Q3,4,3.9213258172089374
headline_cpi,first_release,2005Q3,2005Q4,1,3.226371519821525
headline_cpi,first_release,2005Q3,2005Q4,2,2.801290938896972
headline_cpi,first_release,2005Q3,2005Q4,4,3.3791290686503936
headline_cpi,first_release,2005Q4,2006Q1,1,2.376210357972419
headline_cpi,first_release,2005Q4,2006Q1,2,3.675071738472413
headline_cpi,first_release,2005Q4,2006Q1,4,2.019439504827439
headline_cpi,first_release,2006Q1,2006Q2,1,4.973933118972407
headline_cpi,first_release,2006Q1,2006Q2,2,3.9569671984038157
headline_cpi,first_release,2006Q1,2006Q2,4,2.430805730826993
headline_cpi,first_release,2006Q2,2006Q3,1,2.9400012778352247
headline_cpi,first_release,2006Q2,2006Q3,2,0.3638072711824647
headline_cpi,first_release,2006Q2,2006Q3,4,2.6841802865777393
headline_cpi,first_release,2006Q3,2006Q4,1,-2.2123867354702953
headline_cpi,first_release,2006Q3,2006Q4,2,0.9046442632501706
headline_cpi,first_release,2006Q3,2006Q4,4,2.4173591717004586
headline_cpi,first_release,2006Q4,2007Q1,1,4.021675261970636
headline_cpi,first_release,2006Q4,2007Q1,2,5.004553301973013
headline_cpi,first_release,2006Q4,2007Q1,4,4.039979759589824
headline_cpi,first_release,2007Q1,2007Q2,1,5.987431341975391
headline_cpi,first_release,2007Q1,2007Q2,2,3.930074080150747
headline_cpi,first_release,2007Q1,2007Q2,4,4.030955077110399
headline_cpi,first_release,2007Q2,2007Q3,1,1.8727168183261034
headline_cpi,first_release,2007Q2,2007Q3,2,3.075406217206633
headline_cpi,first_release,2007Q2,2007Q3,4,3.7931286404145337
headline_cpi,first_release,2007Q3,2007Q4,1,4.278095616087163
headline_cpi,first_release,2007Q3,2007Q4,2,4.1318360740700495
headline_cpi,first_release,2007Q3,2007Q4,4,5.005253305344226
headline_cpi,first_release,2007Q4,2008Q1,1,3.985576532052937
headline_cpi,first_release,2007Q4,2008Q1,2,4.510851063622434
headline_cpi,first_release,2007Q4,2008Q1,4,1.6421299962041362
headline_cpi,first_release,2008Q1,2008Q2,1,5.0361255951919315
headline_cpi,first_release,2008Q1,2008Q2,2,5.878670536618403
headline_cpi,first_release,2008Q1,2008Q2,4,0.08485941563570776
headline_cpi,first_release,2008Q2,2008Q3,1,6.721215478044873
headline_cpi,first_release,2008Q2,2008Q3,2,-1.2265910712141612
headline_cpi,first_release,2008Q2,2008Q3,4,-0.8415889932536447
headline_cpi,first_release,2008Q3,2008Q4,1,-9.174397620473195
headline_cpi,first_release,2008Q3,2008Q4,2,-5.708951705346987
headline_cpi,first_release,2008Q3,2008Q4,4,-1.6221873737179922
headline_cpi,first_release,2008Q4,2009Q1,1,-2.243505790220779
headline_cpi,first_release,2008Q4,2009Q1,2,-0.4565869152931279
headline_cpi,first_release,2008Q4,2009Q1,4,1.532263121223429
headline_cpi,first_release,2009Q1,2009Q2,1,1.330331959634523
headline_cpi,first_release,2009Q1,2009Q2,2,2.464576957911002
headline_cpi,first_release,2009Q1,2009Q2,4,2.507842471973559
headline_cpi,first_release,2009Q2,2009Q3,1,3.5988219561874812
headline_cpi,first_release,2009Q2,2009Q3,2,3.5211131577399857
headline_cpi,first_release,2009Q2,2009Q3,4,1.9957824051585138
headline_cpi,first_release,2009Q3,2009Q4,1,3.44340435929249
headline_cpi,first_release,2009Q3,2009Q4,2,2.5511079860361163
headline_cpi,first_release,2009Q3,2009Q4,4,1.4643488543944427
headline_cpi,first_release,2009Q4,2010Q1,1,1.6588116127797425
headline_cpi,first_release,2009Q4,2010Q1,2,0.4704516525770419
headline_cpi,first_release,2009Q4,2010Q1,4,1.2452463286958815
headline_cpi,first_release,2010Q1,2010Q2,1,-0.7179083076256587
headline_cpi,first_release,2010Q1,2010Q2,2,0.37758972275276914
headline_cpi,first_release,2010Q1,2010Q2,4,2.1857016803715155
headline_cpi,first_release,2010Q2,2010Q3,1,1.473087753131197
headline_cpi,first_release,2010Q2,2010Q3,2,2.020041004814721
headline_cpi,first_release,2010Q2,2010Q3,4,3.3881274120974805
headline_cpi,first_release,2010Q3,2010Q4,1,2.566994256498245
headline_cpi,first_release,2010Q3,2010Q4,2,3.9938136379902622
headline_cpi,first_release,2010Q3,2010Q4,4,3.7867500641223573
headline_cpi,first_release,2010Q4,2011Q1,1,5.420633019482279
headline_cpi,first_release,2010Q4,2011Q1,2,4.756213819380239
headline_cpi,first_release,2010Q4,2011Q1,4,3.378925328940435
headline_cpi,first_release,2011Q1,2011Q2,1,4.0917946192781995
headline_cpi,first_release,2011Q1,2011Q2,2,3.5796864902544523
headline_cpi,first_release,2011Q1,2011Q2,4,2.608489467199271
headline_cpi,first_release,2011Q2,2011Q3,1,3.067578361230705
headline_cpi,first_release,2011Q2,2011Q3,2,2.001636838500631
headline_cpi,first_release,2011Q2,2011Q3,4,1.7737972535097013
headline_cpi,first_release,2011Q3,2011Q4,1,0.9356953157705572
headline_cpi,first_release,2011Q3,2011Q4,2,1.6372924441440895
headline_cpi,first_release,2011Q3,2011Q4,4,1.5825309513569252
headline_cpi,first_release,2011Q4,2012Q1,1,2.3388895725176218
headline_cpi,first_release,2011Q4,2012Q1,2,1.5459576685187715
headline_cpi,first_release,2011Q4,2012Q1,4,1.8619045807707568
headline_cpi,first_release,2012Q1,2012Q2,1,0.7530257645199212
headline_cpi,first_release,2012Q1,2012Q2,2,1.527769458569761
headline_cpi,first_release,2012Q1,2012Q2,4,1.5779203596438418
headline_cpi,first_release,2012Q2,2012Q3,1,2.3025131526196008
headline_cpi,first_release,2012Q2,2012Q3,2,2.177851493022742
headline_cpi,first_release,2012Q2,2012Q3,4,1.382770016918461
headline_cpi,first_release,2012Q3,2012Q4,1,2.0531898334258836
headline_cpi,first_release,2012Q3,2012Q4,2,1.6280712607179226
headline_cpi,first_release,2012Q3,2012Q4,4,1.4642792941273741
headline_cpi,first_release,2012Q4,2013Q1,1,1.2029526880099617
headline_cpi,first_release,2012Q4,2013Q1,2,0.5876885408141796
headline_cpi,first_release,2012Q4,2013Q1,4,1.16369602483834
headline_cpi,first_release,2013Q1,2013Q2,1,-0.02757560638160239
headline_cpi,first_release,2013Q1,2013Q2,2,1.3004873275368256
headline_cpi,first_release,2013Q1,2013Q2,4,1.354797146221165
headline_cpi,first_release,2013Q2,2013Q3,1,2.6285502614552536
headline_cpi,first_release,2013Q2,2013Q3,2,1.7397035088625001
headline_cpi,first_release,2013Q2,2013Q3,4,2.1194315172215097
headline_cpi,first_release,2013Q3,2013Q4,1,0.8508567562697467
headline_cpi,first_release,2013Q3,2013Q4,2,1.4091069649055044
headline_cpi,first_release,2013Q3,2013Q4,4,1.7362525276845564
headline_cpi,first_release,2013Q4,2014Q1,1,1.967357173541262
headline_cpi,first_release,2013Q4,2014Q1,2,2.499159525580519
headline_cpi,first_release,2013Q4,2014Q1,4,1.2237669131653528
headline_cpi,first_release,2014Q1,2014Q2,1,3.0309618776197755
headline_cpi,first_release,2014Q1,2014Q2,2,2.0633980904636084
headline_cpi,first_release,2014Q1,2014Q2,4,-0.04980816036353197
headline_cpi,first_release,2014Q2,2014Q3,1,1.0958343033074414
headline_cpi,first_release,2014Q2,2014Q3,2,-0.051625699249813195
headline_cpi,first_release,2014Q2,2014Q3,4,-0.06298506004721871
headline_cpi,first_release,2014Q3,2014Q4,1,-1.1990857018070677
headline_cpi,first_release,2014Q3,2014Q4,2,-2.163014411190672
headline_cpi,first_release,2014Q3,2014Q4,4,0.05889427494768795
headline_cpi,first_release,2014Q4,2015Q1,1,-3.126943120574277
headline_cpi,first_release,2014Q4,2015Q1,2,-0.07434442084462423
headline_cpi,first_release,2014Q4,2015Q1,4,0.4153336647318845
headline_cpi,first_release,2015Q1,2015Q2,1,2.9782542788850286
headline_cpi,first_release,2015Q1,2015Q2,2,2.280802961086048
headline_cpi,first_release,2015Q1,2015Q2,4,1.0785542970079192
headline_cpi,first_release,2015Q2,2015Q3,1,1.5833516432870676
headline_cpi,first_release,2015Q2,2015Q3,2,0.9050117503083932
headline_cpi,first_release,2015Q2,2015Q3,4,0.9694671690474804
headline_cpi,first_release,2015Q3,2015Q4,1,0.22667185732971884
headline_cpi,first_release,2015Q3,2015Q4,2,-0.12369436707020953
headline_cpi,first_release,2015Q3,2015Q4,4,0.9815504367767097
headline_cpi,first_release,2015Q4,2016Q1,1,-0.4740605914701379
headline_cpi,first_release,2015Q4,2016Q1,2,1.0339225877865676
headline_cpi,first_release,2015Q4,2016Q1,4,1.783848594589779
headline_cpi,first_release,2016Q1,2016Q2,1,2.541905767043273
headline_cpi,first_release,2016Q1,2016Q2,2,2.086795240623629
headline_cpi,first_release,2016Q1,2016Q2,4,2.7037636442060475
headline_cpi,first_release,2016Q2,2016Q3,1,1.6316847142039848
headline_cpi,first_release,2016Q2,2016Q3,2,2.5337746013929907
headline_cpi,first_release,2016Q2,2016Q3,4,1.9902808155705802
headline_cpi,first_release,2016Q3,2016Q4,1,3.4358644885819967
headline_cpi,first_release,2016Q3,2016Q4,2,3.320732047788466
headline_cpi,first_release,2016Q3,2016Q4,4,2.0858561832141715
headline_cpi,first_release,2016Q4,2017Q1,1,3.2055996069949355
headline_cpi,first_release,2016Q4,2017Q1,2,1.44678702974817
headline_cpi,first_release,2016Q4,2017Q1,4,2.1564309828789514
headline_cpi,first_release,2017Q1,2017Q2,1,-0.31202554749859557
headline_cpi,first_release,2017Q1,2017Q2,2,0.8509803186398768
headline_cpi,first_release,2017Q1,2017Q2,4,2.213631060584695
headline_cpi,first_release,2017Q2,2017Q3,1,2.013986184778349
headline_cpi,first_release,2017Q2,2017Q3,2,2.8660749360097326
headline_cpi,first_release,2017Q2,2017Q3,4,2.7056317483300343
headline_cpi,first_release,2017Q3,2017Q4,1,3.718163687241116
headline_cpi,first_release,2017Q3,2017Q4,2,3.576281802529513
headline_cpi,first_release,2017Q3,2017Q4,4,2.701031920834618
headline_cpi,first_release,2017Q4,2018Q1,1,3.4343999178179097
headline_cpi,first_release,2017Q4,2018Q1,2,2.5451885606503355
headline_cpi,first_release,2017Q4,2018Q1,4,2.212721323563321
headline_cpi,first_release,2018Q1,2018Q2,1,1.6559772034827613
headline_cpi,first_release,2018Q1,2018Q2,2,1.8257820391397228
headline_cpi,first_release,2018Q1,2018Q2,4,1.556203908203102
headline_cpi,first_release,2018Q2,2018Q3,1,1.9955868747966843
headline_cpi,first_release,2018Q2,2018Q3,2,1.8802540864763073
headline_cpi,first_release,2018Q2,2018Q3,4,1.8717030700940496
headline_cpi,first_release,2018Q3,2018Q4,1,1.7649212981559304
headline_cpi,first_release,2018Q3,2018Q4,2,1.2866257772664813
headline_cpi,first_release,2018Q3,2018Q4,4,1.820111819733683
headline_cpi,first_release,2018Q4,2019Q1,1,0.8083302563770323
headline_cpi,first_release,2018Q4,2019Q1,2,1.8631520537117918
headline_cpi,first_release,2018Q4,2019Q1,4,2.0208845742324955
headline_cpi,first_release,2019Q1,2019Q2,1,2.9179738510465514
headline_cpi,first_release,2019Q1,2019Q2,2,2.3535978622008846
headline_cpi,first_release,2019Q1,2019Q2,4,2.1155950346915144
headline_cpi,first_release,2019Q2,2019Q3,1,1.7892218733552179
headline_cpi,first_release,2019Q2,2019Q3,2,2.178617094753199
headline_cpi,first_release,2019Q2,2019Q3,4,0.5036247701343199
headline_cpi,first_release,2019Q3,2019Q4,1,2.5680123161511803
headline_cpi,first_release,2019Q3,2019Q4,2,1.8775922071821438
headline_cpi,first_release,2019Q3,2019Q4,4,1.3458808752109475
headline_cpi,first_release,2019Q4,2020Q1,1,1.1871720982131073
headline_cpi,first_release,2019Q4,2020Q1,2,-1.1713675544845592
headline_cpi,first_release,2019Q4,2020Q1,4,1.2612613970939934
headline_cpi,first_release,2020Q1,2020Q2,1,-3.5299072071822257
headline_cpi,first_release,2020Q1,2020Q2,2,0.8141695432397511
headline_cpi,first_release,2020Q1,2020Q2,4,1.9912015674657335
headline_cpi,first_release,2020Q2,2020Q3,1,5.158246293661728
headline_cpi,first_release,2020Q2,2020Q3,2,3.693890348672546
headline_cpi,first_release,2020Q2,2020Q3,4,4.984921974274675
headline_cpi,first_release,2020Q3,2020Q4,1,2.229534403683364
headline_cpi,first_release,2020Q3,2020Q4,2,3.168233591691716
headline_cpi,first_release,2020Q3,2020Q4,4,5.353583363316838
headline_cpi,first_release,2020Q4,2021Q1,1,4.106932779700068
headline_cpi,first_release,2020Q4,2021Q1,2,6.275953599876804
headline_cpi,first_release,2020Q4,2021Q1,4,6.856057476239552
headline_cpi,first_release,2021Q1,2021Q2,1,8.44497442005354
headline_cpi,first_release,2021Q1,2021Q2,2,7.53893313494196
headline_cpi,first_release,2021Q1,2021Q2,4,8.082642454725718
headline_cpi,first_release,2021Q2,2021Q3,1,6.63289184983038
headline_cpi,first_release,2021Q2,2021Q3,2,7.4361613526023
headline_cpi,first_release,2021Q2,2021Q3,4,8.60411869298645
headline_cpi,first_release,2021Q3,2021Q4,1,8.23943085537422
headline_cpi,first_release,2021Q3,2021Q4,2,8.626351774509478
headline_cpi,first_release,2021Q3,2021Q4,4,8.367286351797265
headline_cpi,first_release,2021Q4,2022Q1,1,9.013272693644737
headline_cpi,first_release,2021Q4,2022Q1,2,9.772076033370602
headline_cpi,first_release,2021Q4,2022Q1,4,7.090523902116663
headline_cpi,first_release,2022Q1,2022Q2,1,10.530879373096468
headline_cpi,first_release,2022Q1,2022Q2,2,8.108220929085052
headline_cpi,first_release,2022Q1,2022Q2,4,5.607739660655198
headline_cpi,first_release,2022Q2,2022Q3,1,5.685562485073636
headline_cpi,first_release,2022Q2,2022Q3,2,4.408971770862724
headline_cpi,first_release,2022Q2,2022Q3,4,3.6522636423708787
headline_cpi,first_release,2022Q3,2022Q4,1,3.1323810566518118
headline_cpi,first_release,2022Q3,2022Q4,2,3.1072583922253427
headline_cpi,first_release,2022Q3,2022Q4,4,3.1266740295127216
headline_cpi,first_release,2022Q4,2023Q1,1,3.0821357277988737
headline_cpi,first_release,2022Q4,2023Q1,2,2.8955555138790334
headline_cpi,first_release,2022Q4,2023Q1,4,3.0355435936191943
headline_cpi,first_release,2023Q1,2023Q2,1,2.708975299959193
headline_cpi,first_release,2023Q1,2023Q2,2,3.1460896668001004
headline_cpi,first_release,2023Q1,2023Q2,4,3.2428485445378517
headline_cpi,first_release,2023Q2,2023Q3,1,3.5832040336410076
headline_cpi,first_release,2023Q2,2023Q3,2,3.1755316733593553
headline_cpi,first_release,2023Q2,2023Q3,4,3.2709324226428693
headline_cpi,first_release,2023Q3,2023Q4,1,2.767859313077703
headline_cpi,first_release,2023Q3,2023Q4,2,3.3396074222756034
headline_cpi,first_release,2023Q3,2023Q4,4,2.6809504291221202
headline_cpi,first_release,2023Q4,2024Q1,1,3.911355531473504
headline_cpi,first_release,2023Q4,2024Q1,2,3.3663331719263834
headline_cpi,first_release,2023Q4,2024Q1,4,2.766079853735981
headline_cpi,first_release,2024Q1,2024Q2,1,2.821310812379263
headline_cpi,first_release,2024Q1,2024Q2,2,2.022293435968636
headline_cpi,first_release,2024Q1,2024Q2,4,2.7651311639599054
headline_cpi,first_release,2024Q2,2024Q3,1,1.2232760595580094
headline_cpi,first_release,2024Q2,2024Q3,2,2.1658265355455786
headline_cpi,first_release,2024Q2,2024Q3,4,2.4718234353638406
headline_cpi,first_release,2024Q3,2024Q4,1,3.1083770115331477
headline_cpi,first_release,2024Q3,2024Q4,2,3.5079688919511742
headline_cpi,first_release,2024Q3,2024Q4,4,2.950523429395552
headline_cpi,first_release,2024Q4,2025Q1,1,3.9075607723692007
headline_cpi,first_release,2024Q4,2025Q1,2,2.777820335182102
headline_cpi,first_release,2024Q4,2025Q1,4,2.8220989041916167
headline_cpi,first_release,2025Q1,2025Q2,1,1.6480798979950029
headline_cpi,first_release,2025Q1,2025Q2,2,2.3930779668399293
headline_cpi,first_release,2025Q1,2025Q2,4,2.4901492269766345
headline_cpi,first_release,2025Q2,2025Q3,1,3.138076035684856
headline_cpi,first_release,2025Q2,2025Q3,2,2.8663774732011316
headline_cpi,first_release,2025Q2,2025Q3,4,3.596060714545307
headline_cpi,first_release,2025Q3,2025Q4,1,2.5946789107174073
headline_cpi,first_release,2025Q3,2025Q4,2,2.5872204871133397
headline_cpi,first_release,2025Q4,2026Q1,1,2.579762063509272
headline_cpi,first_release,2025Q4,2026Q1,2,4.325743955889482
headline_cpi,first_release,2026Q1,2026Q2,1,6.071725848269693
headline_cpi,most_recent_release,1998Q4,1999Q1,1,1.470269367541932
headline_cpi,most_recent_release,1998Q4,1999Q1,2,2.2493972918383176
headline_cpi,most_recent_release,1998Q4,1999Q1,4,2.6219821913464445
headline_cpi,most_recent_release,1999Q1,1999Q2,1,3.028525216134703
headline_cpi,most_recent_release,1999Q1,1999Q2,2,3.0171550338619735
headline_cpi,most_recent_release,1999Q1,1999Q2,4,3.258709738593346
headline_cpi,most_recent_release,1999Q2,1999Q3,1,3.005784851589244
headline_cpi,most_recent_release,1999Q2,1999Q3,2,2.994567090854572
headline_cpi,most_recent_release,1999Q2,1999Q3,4,3.294697245176165
headline_cpi,most_recent_release,1999Q3,1999Q4,1,2.9833493301199
headline_cpi,most_recent_release,1999Q3,1999Q4,2,3.5002644433247188
headline_cpi,most_recent_release,1999Q3,1999Q4,4,3.469720174396607
headline_cpi,most_recent_release,1999Q4,2000Q1,1,4.017179556529538
headline_cpi,most_recent_release,1999Q4,2000Q1,2,3.5948273994977575
headline_cpi,most_recent_release,1999Q4,2000Q1,4,3.444453931836139
headline_cpi,most_recent_release,2000Q1,2000Q2,1,3.1724752424659775
headline_cpi,most_recent_release,2000Q1,2000Q2,2,3.4391759054684945
headline_cpi,most_recent_release,2000Q1,2000Q2,4,3.410541101642373
headline_cpi,most_recent_release,2000Q2,2000Q3,1,3.7058765684710115
headline_cpi,most_recent_release,2000Q2,2000Q3,2,3.2940804641745203
headline_cpi,most_recent_release,2000Q2,2000Q3,4,3.32599252804362
headline_cpi,most_recent_release,2000Q3,2000Q4,1,2.882284359878029
headline_cpi,most_recent_release,2000Q3,2000Q4,2,3.3819062978162506
headline_cpi,most_recent_release,2000Q3,2000Q4,4,2.682991284971764
headline_cpi,most_recent_release,2000Q4,2001Q1,1,3.8815282357544723
headline_cpi,most_recent_release,2000Q4,2001Q1,2,3.3579045919127193
headline_cpi,most_recent_release,2000Q4,2001Q1,4,1.887439147056638
headline_cpi,most_recent_release,2001Q1,2001Q2,1,2.8342809480709663
headline_cpi,most_recent_release,2001Q1,2001Q2,2,1.9840762721272776
headline_cpi,most_recent_release,2001Q1,2001Q2,4,1.2378372194589122
headline_cpi,most_recent_release,2001Q2,2001Q3,1,1.1338715961835888
headline_cpi,most_recent_release,2001Q2,2001Q3,2,0.4169737022005571
headline_cpi,most_recent_release,2001Q2,2001Q3,4,1.3248126068503425
headline_cpi,most_recent_release,2001Q3,2001Q4,1,-0.29992419178247465
headline_cpi,most_recent_release,2001Q3,2001Q4,2,0.4915981667905467
headline_cpi,most_recent_release,2001Q3,2001Q4,4,1.5843464400677993
headline_cpi,most_recent_release,2001Q4,2002Q1,1,1.283120525363568
headline_cpi,most_recent_release,2001Q4,2002Q1,2,2.2326515115001278
headline_cpi,most_recent_release,2001Q4,2002Q1,4,2.2557556469645803
headline_cpi,most_recent_release,2002Q1,2002Q2,1,3.1821824976366875
headline_cpi,most_recent_release,2002Q1,2002Q2,2,2.677094713345052
headline_cpi,most_recent_release,2002Q1,2002Q2,4,2.979411433408247
headline_cpi,most_recent_release,2002Q2,2002Q3,1,2.172006929053416
headline_cpi,most_recent_release,2002Q2,2002Q3,2,2.2788597824290324
headline_cpi,most_recent_release,2002Q2,2002Q3,4,2.020654577418077
headline_cpi,most_recent_release,2002Q3,2002Q4,1,2.3857126358046488
headline_cpi,most_recent_release,2002Q3,2002Q4,2,3.2817281534714415
headline_cpi,most_recent_release,2002Q3,2002Q4,4,2.2325896024090213
headline_cpi,most_recent_release,2002Q4,2003Q1,1,4.177743671138234
headline_cpi,most_recent_release,2002Q4,2003Q1,2,1.762449372407121
headline_cpi,most_recent_release,2002Q4,2003Q1,4,2.017868074553095
headline_cpi,most_recent_release,2003Q1,2003Q2,1,-0.6528449263239922
headline_cpi,most_recent_release,2003Q1,2003Q2,2,1.1834510513466012
headline_cpi,most_recent_release,2003Q1,2003Q2,4,1.8304666315810763
headline_cpi,most_recent_release,2003Q2,2003Q3,1,3.0197470290171946
headline_cpi,most_recent_release,2003Q2,2003Q3,2,2.2732867766990683
headline_cpi,most_recent_release,2003Q2,2003Q3,4,2.788558776438399
headline_cpi,most_recent_release,2003Q3,2003Q4,1,1.526826524380942
headline_cpi,most_recent_release,2003Q3,2003Q4,2,2.4774822118155515
headline_cpi,most_recent_release,2003Q3,2003Q4,4,2.677476315018473
headline_cpi,most_recent_release,2003Q4,2004Q1,1,3.428137899250161
headline_cpi,most_recent_release,2003Q4,2004Q1,2,3.3038307761777297
headline_cpi,most_recent_release,2003Q4,2004Q1,4,3.3869441118834835
headline_cpi,most_recent_release,2004Q1,2004Q2,1,3.1795236531052984
headline_cpi,most_recent_release,2004Q1,2004Q2,2,2.877470418221395
headline_cpi,most_recent_release,2004Q1,2004Q2,4,3.038797061233761
headline_cpi,most_recent_release,2004Q2,2004Q3,1,2.5754171833374917
headline_cpi,most_recent_release,2004Q2,2004Q3,2,3.4700574475892365
headline_cpi,most_recent_release,2004Q2,2004Q3,4,2.926583549534567
headline_cpi,most_recent_release,2004Q3,2004Q4,1,4.364697711840981
headline_cpi,most_recent_release,2004Q3,2004Q4,2,3.2001237042461272
headline_cpi,most_recent_release,2004Q3,2004Q4,4,3.8321190777811482
headline_cpi,most_recent_release,2004Q4,2005Q1,1,2.035549696651273
headline_cpi,most_recent_release,2004Q4,2005Q1,2,2.3831096514798977
headline_cpi,most_recent_release,2004Q4,2005Q1,4,3.6865908547663473
headline_cpi,most_recent_release,2005Q1,2005Q2,1,2.7306696063085223
headline_cpi,most_recent_release,2005Q1,2005Q2,2,4.464114451316171
headline_cpi,most_recent_release,2005Q1,2005Q2,4,3.70253183692581
headline_cpi,most_recent_release,2005Q2,2005Q3,1,6.197559296323818
headline_cpi,most_recent_release,2005Q2,2005Q3,2,4.990072058052797
headline_cpi,most_recent_release,2005Q2,2005Q3,4,3.9345575672469044
headline_cpi,most_recent_release,2005Q3,2005Q4,1,3.7825848197817757
headline_cpi,most_recent_release,2005Q3,2005Q4,2,2.9409492225354494
headline_cpi,most_recent_release,2005Q3,2005Q4,4,3.3426367632685694
headline_cpi,most_recent_release,2005Q4,2006Q1,1,2.099313625289123
headline_cpi,most_recent_release,2005Q4,2006Q1,2,2.8790430764410124
headline_cpi,most_recent_release,2005Q4,2006Q1,4,1.9893331236374237
headline_cpi,most_recent_release,2006Q1,2006Q2,1,3.6587725275929017
headline_cpi,most_recent_release,2006Q1,2006Q2,2,3.7443243040016894
headline_cpi,most_recent_release,2006Q1,2006Q2,4,2.4594131729407804
headline_cpi,most_recent_release,2006Q2,2006Q3,1,3.829876080410477
headline_cpi,most_recent_release,2006Q2,2006Q3,2,1.0996231708338355
headline_cpi,most_recent_release,2006Q2,2006Q3,4,2.696655718813032
headline_cpi,most_recent_release,2006Q3,2006Q4,1,-1.630629738742806
headline_cpi,most_recent_release,2006Q3,2006Q4,2,1.1745020418798713
headline_cpi,most_recent_release,2006Q3,2006Q4,4,2.378240830414727
headline_cpi,most_recent_release,2006Q4,2007Q1,1,3.9796338225025485
headline_cpi,most_recent_release,2006Q4,2007Q1,2,4.293688266792229
headline_cpi,most_recent_release,2006Q4,2007Q1,4,4.035302114698641
headline_cpi,most_recent_release,2007Q1,2007Q2,1,4.607742711081908
headline_cpi,most_recent_release,2007Q1,2007Q2,2,3.5819796189495823
headline_cpi,most_recent_release,2007Q1,2007Q2,4,4.141309810173727
headline_cpi,most_recent_release,2007Q2,2007Q3,1,2.5562165268172565
headline_cpi,most_recent_release,2007Q2,2007Q3,2,3.776915962605054
headline_cpi,most_recent_release,2007Q2,2007Q3,4,4.315916183093477
headline_cpi,most_recent_release,2007Q3,2007Q4,1,4.997615398392852
headline_cpi,most_recent_release,2007Q3,2007Q4,2,4.700640001397871
headline_cpi,most_recent_release,2007Q3,2007Q4,4,5.2547706862201835
headline_cpi,most_recent_release,2007Q4,2008Q1,1,4.40366460440289
headline_cpi,most_recent_release,2007Q4,2008Q1,2,4.8549164035819
headline_cpi,most_recent_release,2007Q4,2008Q1,4,1.792649820689252
headline_cpi,most_recent_release,2008Q1,2008Q2,1,5.306168202760908
headline_cpi,most_recent_release,2008Q1,2008Q2,2,5.808901371042497
headline_cpi,most_recent_release,2008Q1,2008Q2,4,0.010927440335798067
headline_cpi,most_recent_release,2008Q2,2008Q3,1,6.311634539324085
headline_cpi,most_recent_release,2008Q2,2008Q3,2,-1.269616762203396
headline_cpi,most_recent_release,2008Q2,2008Q3,4,-0.7795987329144356
headline_cpi,most_recent_release,2008Q3,2008Q4,1,-8.850868063730877
headline_cpi,most_recent_release,2008Q3,2008Q4,2,-5.7870464903709005
headline_cpi,most_recent_release,2008Q3,2008Q4,4,-1.4859456925459948
headline_cpi,most_recent_release,2008Q4,2009Q1,1,-2.7232249170109246
headline_cpi,most_recent_release,2008Q4,2009Q1,2,-0.28958070362547494
headline_cpi,most_recent_release,2008Q4,2009Q1,4,1.5189443516860606
headline_cpi,most_recent_release,2009Q1,2009Q2,1,2.1440635097599747
headline_cpi,most_recent_release,2009Q1,2009Q2,2,2.8151551052789103
headline_cpi,most_recent_release,2009Q1,2009Q2,4,2.358632433360225
headline_cpi,most_recent_release,2009Q2,2009Q3,1,3.486246700797846
headline_cpi,most_recent_release,2009Q2,2009Q3,2,3.3274694069975963
headline_cpi,most_recent_release,2009Q2,2009Q3,4,1.7873694569676635
headline_cpi,most_recent_release,2009Q3,2009Q4,1,3.1686921131973467
headline_cpi,most_recent_release,2009Q3,2009Q4,2,1.9021097614415394
headline_cpi,most_recent_release,2009Q3,2009Q4,4,1.2102461378590723
headline_cpi,most_recent_release,2009Q4,2010Q1,1,0.6355274096857322
headline_cpi,most_recent_release,2009Q4,2010Q1,2,0.24726950693773064
headline_cpi,most_recent_release,2009Q4,2010Q1,4,1.2376846885197579
headline_cpi,most_recent_release,2010Q1,2010Q2,1,-0.1409883958102709
headline_cpi,most_recent_release,2010Q1,2010Q2,2,0.5183825142766052
headline_cpi,most_recent_release,2010Q1,2010Q2,4,2.1632234180899546
headline_cpi,most_recent_release,2010Q2,2010Q3,1,1.1777534243634813
headline_cpi,most_recent_release,2010Q2,2010Q3,2,2.228099870101785
headline_cpi,most_recent_release,2010Q2,2010Q3,4,3.3550208174321634
headline_cpi,most_recent_release,2010Q3,2010Q4,1,3.278446315840089
headline_cpi,most_recent_release,2010Q3,2010Q4,2,3.808064321903304
headline_cpi,most_recent_release,2010Q3,2010Q4,4,3.7190487503393763
headline_cpi,most_recent_release,2010Q4,2011Q1,1,4.337682327966519
headline_cpi,most_recent_release,2010Q4,2011Q1,2,4.481941764762542
headline_cpi,most_recent_release,2010Q4,2011Q1,4,3.3513731109265086
headline_cpi,most_recent_release,2011Q1,2011Q2,1,4.626201201558566
headline_cpi,most_recent_release,2011Q1,2011Q2,2,3.630033178775449
headline_cpi,most_recent_release,2011Q1,2011Q2,4,2.83490151390966
headline_cpi,most_recent_release,2011Q2,2011Q3,1,2.633865155992332
headline_cpi,most_recent_release,2011Q2,2011Q3,2,2.220804457090475
headline_cpi,most_recent_release,2011Q2,2011Q3,4,1.8901265444614346
headline_cpi,most_recent_release,2011Q3,2011Q4,1,1.807743758188618
headline_cpi,most_recent_release,2011Q3,2011Q4,2,2.039769849043871
headline_cpi,most_recent_release,2011Q3,2011Q4,4,1.6861995339675806
headline_cpi,most_recent_release,2011Q4,2012Q1,1,2.271795939899124
headline_cpi,most_recent_release,2011Q4,2012Q1,2,1.5594486318323941
headline_cpi,most_recent_release,2011Q4,2012Q1,4,1.9058811844818446
headline_cpi,most_recent_release,2012Q1,2012Q2,1,0.8471013237656644
headline_cpi,most_recent_release,2012Q1,2012Q2,2,1.3326292188912903
headline_cpi,most_recent_release,2012Q1,2012Q2,4,1.7423175453295192
headline_cpi,most_recent_release,2012Q2,2012Q3,1,1.8181571140169162
headline_cpi,most_recent_release,2012Q2,2012Q3,2,2.252313737131295
headline_cpi,most_recent_release,2012Q2,2012Q3,4,1.42123694104441
headline_cpi,most_recent_release,2012Q3,2012Q4,1,2.686470360245674
headline_cpi,most_recent_release,2012Q3,2012Q4,2,2.152005871767748
headline_cpi,most_recent_release,2012Q3,2012Q4,4,1.5119477340495764
headline_cpi,most_recent_release,2012Q4,2013Q1,1,1.6175413832898222
headline_cpi,most_recent_release,2012Q4,2013Q1,2,0.5901601449575244
headline_cpi,most_recent_release,2012Q4,2013Q1,4,1.2121604342877097
headline_cpi,most_recent_release,2013Q1,2013Q2,1,-0.43722109337477333
headline_cpi,most_recent_release,2013Q1,2013Q2,2,0.8718895963314044
headline_cpi,most_recent_release,2013Q1,2013Q2,4,1.436408508093931
headline_cpi,most_recent_release,2013Q2,2013Q3,1,2.181000286037582
headline_cpi,most_recent_release,2013Q2,2013Q3,2,1.8341607236178947
headline_cpi,most_recent_release,2013Q2,2013Q3,4,2.0810418938969457
headline_cpi,most_recent_release,2013Q3,2013Q4,1,1.4873211611982073
headline_cpi,most_recent_release,2013Q3,2013Q4,2,2.0009274198564575
headline_cpi,most_recent_release,2013Q3,2013Q4,4,1.7926115290490485
headline_cpi,most_recent_release,2013Q4,2014Q1,1,2.5145336785147077
headline_cpi,most_recent_release,2013Q4,2014Q1,2,2.3279230641759963
headline_cpi,most_recent_release,2013Q4,2014Q1,4,1.1732653860277442
headline_cpi,most_recent_release,2014Q1,2014Q2,1,2.141312449837285
headline_cpi,most_recent_release,2014Q1,2014Q2,2,1.5842956382416395
headline_cpi,most_recent_release,2014Q1,2014Q2,4,-0.09639702575110487
headline_cpi,most_recent_release,2014Q2,2014Q3,1,1.0272788266459942
headline_cpi,most_recent_release,2014Q2,2014Q3,2,0.018607707879492175
headline_cpi,most_recent_release,2014Q2,2014Q3,4,0.05723467241176561
headline_cpi,most_recent_release,2014Q3,2014Q4,1,-0.9900634108870099
headline_cpi,most_recent_release,2014Q3,2014Q4,2,-1.7770896897438493
headline_cpi,most_recent_release,2014Q3,2014Q4,4,0.18026422655446073
headline_cpi,most_recent_release,2014Q4,2015Q1,1,-2.5641159686006887
headline_cpi,most_recent_release,2014Q4,2015Q1,2,0.09586163694403904
headline_cpi,most_recent_release,2014Q4,2015Q1,4,0.42021723574823255
headline_cpi,most_recent_release,2015Q1,2015Q2,1,2.7558392424887668
headline_cpi,most_recent_release,2015Q1,2015Q2,2,2.1376181428527707
headline_cpi,most_recent_release,2015Q1,2015Q2,4,0.9992179706157123
headline_cpi,most_recent_release,2015Q2,2015Q3,1,1.5193970432167747
headline_cpi,most_recent_release,2015Q2,2015Q3,2,0.7445728345524261
headline_cpi,most_recent_release,2015Q2,2015Q3,4,1.1196911029600187
headline_cpi,most_recent_release,2015Q3,2015Q4,1,-0.03025137411192258
headline_cpi,most_recent_release,2015Q3,2015Q4,2,-0.1391822016213462
headline_cpi,most_recent_release,2015Q3,2015Q4,4,1.1670275298383104
headline_cpi,most_recent_release,2015Q4,2016Q1,1,-0.24811302913076982
headline_cpi,most_recent_release,2015Q4,2016Q1,2,1.4948093713676114
headline_cpi,most_recent_release,2015Q4,2016Q1,4,1.8154387389494597
headline_cpi,most_recent_release,2016Q1,2016Q2,1,3.2377317718659926
headline_cpi,most_recent_release,2016Q1,2016Q2,2,2.473237261297967
headline_cpi,most_recent_release,2016Q1,2016Q2,4,2.5886627005816845
headline_cpi,most_recent_release,2016Q2,2016Q3,1,1.7087427507299413
headline_cpi,most_recent_release,2016Q2,2016Q3,2,2.136068106531308
headline_cpi,most_recent_release,2016Q2,2016Q3,4,1.8948106654594343
headline_cpi,most_recent_release,2016Q3,2016Q4,1,2.563393462332675
headline_cpi,most_recent_release,2016Q3,2016Q4,2,2.7040881398654015
headline_cpi,most_recent_release,2016Q3,2016Q4,4,1.9491118405171926
headline_cpi,most_recent_release,2016Q4,2017Q1,1,2.844782817398128
headline_cpi,most_recent_release,2016Q4,2017Q1,2,1.6535532243875606
headline_cpi,most_recent_release,2016Q4,2017Q1,4,2.1133338884637807
headline_cpi,most_recent_release,2017Q1,2017Q2,1,0.46232363137699295
headline_cpi,most_recent_release,2017Q1,2017Q2,2,1.1941355411689836
headline_cpi,most_recent_release,2017Q1,2017Q2,4,2.255489700536156
headline_cpi,most_recent_release,2017Q2,2017Q3,1,1.9259474509609742
headline_cpi,most_recent_release,2017Q2,2017Q3,2,2.573114552540001
headline_cpi,most_recent_release,2017Q2,2017Q3,4,2.688774290503659
headline_cpi,most_recent_release,2017Q3,2017Q4,1,3.2202816541190282
headline_cpi,most_recent_release,2017Q3,2017Q4,2,3.316843859903329
headline_cpi,most_recent_release,2017Q3,2017Q4,4,2.611552676846085
headline_cpi,most_recent_release,2017Q4,2018Q1,1,3.4134060656876297
headline_cpi,most_recent_release,2017Q4,2018Q1,2,2.8044340284673175
headline_cpi,most_recent_release,2017Q4,2018Q1,4,2.21609403798802
headline_cpi,most_recent_release,2018Q1,2018Q2,1,2.1954619912470053
headline_cpi,most_recent_release,2018Q1,2018Q2,2,1.9062614937888411
headline_cpi,most_recent_release,2018Q1,2018Q2,4,1.6307871495758242
headline_cpi,most_recent_release,2018Q2,2018Q3,1,1.617060996330677
headline_cpi,most_recent_release,2018Q2,2018Q3,2,1.6277540475087227
headline_cpi,most_recent_release,2018Q2,2018Q3,4,1.8247760393151458
headline_cpi,most_recent_release,2018Q3,2018Q4,1,1.6384470986867683
headline_cpi,most_recent_release,2018Q3,2018Q4,2,1.3553128053628072
headline_cpi,most_recent_release,2018Q3,2018Q4,4,1.7520281225851753
headline_cpi,most_recent_release,2018Q4,2019Q1,1,1.072178512038846
headline_cpi,most_recent_release,2018Q4,2019Q1,2,2.021798031121569
headline_cpi,most_recent_release,2018Q4,2019Q1,4,2.0522091946619527
headline_cpi,most_recent_release,2019Q1,2019Q2,1,2.9714175502042917
headline_cpi,most_recent_release,2019Q1,2019Q2,2,2.1487434398075433
headline_cpi,most_recent_release,2019Q1,2019Q2,4,2.1466099814903217
headline_cpi,most_recent_release,2019Q2,2019Q3,1,1.326069329410795
headline_cpi,most_recent_release,2019Q2,2019Q3,2,2.082620358202336
headline_cpi,most_recent_release,2019Q2,2019Q3,4,0.44209901013502195
headline_cpi,most_recent_release,2019Q3,2019Q4,1,2.8391713869938773
headline_cpi,most_recent_release,2019Q3,2019Q4,2,2.1444765231731
headline_cpi,most_recent_release,2019Q3,2019Q4,4,1.2734294782758004
headline_cpi,most_recent_release,2019Q4,2020Q1,1,1.4497816593523227
headline_cpi,most_recent_release,2019Q4,2020Q1,2,-1.1984223379322922
headline_cpi,most_recent_release,2019Q4,2020Q1,4,1.2928729411668394
headline_cpi,most_recent_release,2020Q1,2020Q2,1,-3.8466263352169072
headline_cpi,most_recent_release,2020Q1,2020Q2,2,0.4023824333785009
headline_cpi,most_recent_release,2020Q1,2020Q2,4,1.961221511730049
headline_cpi,most_recent_release,2020Q2,2020Q3,1,4.651391201973909
headline_cpi,most_recent_release,2020Q2,2020Q3,2,3.784168220265971
headline_cpi,most_recent_release,2020Q2,2020Q3,4,4.796332000380915
headline_cpi,most_recent_release,2020Q3,2020Q4,1,2.916945238558033
headline_cpi,most_recent_release,2020Q3,2020Q4,2,3.5200605900815973
headline_cpi,most_recent_release,2020Q3,2020Q4,4,5.265474346355897
headline_cpi,most_recent_release,2020Q4,2021Q1,1,4.123175941605162
headline_cpi,most_recent_release,2020Q4,2021Q1,2,5.808495780495859
headline_cpi,most_recent_release,2020Q4,2021Q1,4,6.786214650813499
headline_cpi,most_recent_release,2021Q1,2021Q2,1,7.493815619386557
headline_cpi,most_recent_release,2021Q1,2021Q2,2,7.010888102630197
headline_cpi,most_recent_release,2021Q1,2021Q2,4,8.02960689379898
headline_cpi,most_recent_release,2021Q2,2021Q3,1,6.527960585873838
headline_cpi,most_recent_release,2021Q2,2021Q3,2,7.76393352113114
headline_cpi,most_recent_release,2021Q2,2021Q3,4,8.59194045410024
headline_cpi,most_recent_release,2021Q3,2021Q4,1,8.999906456388441
headline_cpi,most_recent_release,2021Q3,2021Q4,2,9.048325684967763
headline_cpi,most_recent_release,2021Q3,2021Q4,4,8.305769414740643
headline_cpi,most_recent_release,2021Q4,2022Q1,1,9.096744913547084
headline_cpi,most_recent_release,2021Q4,2022Q1,2,9.419947387069339
headline_cpi,most_recent_release,2021Q4,2022Q1,4,7.117699529610167
headline_cpi,most_recent_release,2022Q1,2022Q2,1,9.743149860591593
headline_cpi,most_recent_release,2022Q1,2022Q2,2,7.563213144513526
headline_cpi,most_recent_release,2022Q1,2022Q2,4,5.756347228782677
headline_cpi,most_recent_release,2022Q2,2022Q3,1,5.383276428435457
headline_cpi,most_recent_release,2022Q2,2022Q3,2,4.815451672150994
headline_cpi,most_recent_release,2022Q2,2022Q3,4,4.0478515003386
headline_cpi,most_recent_release,2022Q3,2022Q4,1,4.247626915866531
headline_cpi,most_recent_release,2022Q3,2022Q4,2,3.949481313051828
headline_cpi,most_recent_release,2022Q3,2022Q4,4,3.567136746001859
headline_cpi,most_recent_release,2022Q4,2023Q1,1,3.6513357102371247
headline_cpi,most_recent_release,2022Q4,2023Q1,2,3.280251328526207
headline_cpi,most_recent_release,2022Q4,2023Q1,4,3.2340027622556278
headline_cpi,most_recent_release,2023Q1,2023Q2,1,2.909166946815289
headline_cpi,most_recent_release,2023Q1,2023Q2,2,3.1847921789518896
headline_cpi,most_recent_release,2023Q1,2023Q2,4,3.2449203654252803
headline_cpi,most_recent_release,2023Q2,2023Q3,1,3.46041741108849
headline_cpi,most_recent_release,2023Q2,2023Q3,2,3.1877541959850486
headline_cpi,most_recent_release,2023Q2,2023Q3,4,3.192293575417149
headline_cpi,most_recent_release,2023Q3,2023Q4,1,2.9150909808816072
headline_cpi,most_recent_release,2023Q3,2023Q4,2,3.3050485518986705
headline_cpi,most_recent_release,2023Q3,2023Q4,4,2.6611455819474275
headline_cpi,most_recent_release,2023Q4,2024Q1,1,3.695006122915734
headline_cpi,most_recent_release,2023Q4,2024Q1,2,3.196832954849249
headline_cpi,most_recent_release,2023Q4,2024Q1,4,2.7269292991977667
headline_cpi,most_recent_release,2024Q1,2024Q2,1,2.6986597867827644
headline_cpi,most_recent_release,2024Q1,2024Q2,2,2.017242611996184
headline_cpi,most_recent_release,2024Q1,2024Q2,4,2.7277514642266687
headline_cpi,most_recent_release,2024Q2,2024Q3,1,1.3358254372096035
headline_cpi,most_recent_release,2024Q2,2024Q3,2,2.2570256435462843
headline_cpi,most_recent_release,2024Q2,2024Q3,4,2.4658726628012104
headline_cpi,most_recent_release,2024Q3,2024Q4,1,3.178225849882965
headline_cpi,most_recent_release,2024Q3,2024Q4,2,3.4382603164571535
headline_cpi,most_recent_release,2024Q3,2024Q4,4,2.9042474316419207
headline_cpi,most_recent_release,2024Q4,2025Q1,1,3.6982947830313417
headline_cpi,most_recent_release,2024Q4,2025Q1,2,2.674719682056137
headline_cpi,most_recent_release,2024Q4,2025Q1,4,2.7265041467123883
headline_cpi,most_recent_release,2025Q1,2025Q2,1,1.6511445810809322
headline_cpi,most_recent_release,2025Q1,2025Q2,2,2.3702345468266883
headline_cpi,most_recent_release,2025Q1,2025Q2,4,2.446870966831871
headline_cpi,most_recent_release,2025Q2,2025Q3,1,3.0893245125724444
headline_cpi,most_recent_release,2025Q2,2025Q3,2,2.77828861136864
headline_cpi,most_recent_release,2025Q2,2025Q3,4,3.552016283629084
headline_cpi,most_recent_release,2025Q3,2025Q4,1,2.4672527101648356
headline_cpi,most_recent_release,2025Q3,2025Q4,2,2.523507386837054
headline_cpi,most_recent_release,2025Q4,2026Q1,1,2.579762063509272
headline_cpi,most_recent_release,2025Q4,2026Q1,2,4.325743955889527
headline_cpi,most_recent_release,2026Q1,2026Q2,1,6.071725848269782
